timestamp,idx,n_total,method,aggregation,score,param.dim,param.attr_mode,param.weights_vec,raw.params
"2025-09-29 15:04:23,970",5,528,fastrp,mean_pool,0.4349,64,none,"[1,1,1,1,1,1,1,1,1,1]","{'attr_mode': 'none', 'dim': 64, 'weights': [1, 1, 1, 1, 1, 1, 1, 1, 1, 1]}"
"2025-09-29 15:04:35,794",6,528,fastrp,global_attention,0.4424,64,none,"[1,1,1,1,1,1,1,1,1,1]","{'attr_mode': 'none', 'dim': 64, 'weights': [1, 1, 1, 1, 1, 1, 1, 1, 1, 1]}"
"2025-09-29 15:04:45,083",7,528,fastrp,set2set,0.4391,64,none,"[1,1,1,1,1,1,1,1,1,1]","{'attr_mode': 'none', 'dim': 64, 'weights': [1, 1, 1, 1, 1, 1, 1, 1, 1, 1]}"
"2025-09-29 15:04:54,648",8,528,fastrp,mil_attention,0.45,64,none,"[1,1,1,1,1,1,1,1,1,1]","{'attr_mode': 'none', 'dim': 64, 'weights': [1, 1, 1, 1, 1, 1, 1, 1, 1, 1]}"
"2025-09-29 15:05:04,494",9,528,fastrp,mean_pool,0.436,64,none,"[1,2,4,8,16,16,8,4,2,1]","{'attr_mode': 'none', 'dim': 64, 'weights': [1, 2, 4, 8, 16, 16, 8, 4, 2, 1]}"
"2025-09-29 15:05:13,402",10,528,fastrp,global_attention,0.4308,64,none,"[1,2,4,8,16,16,8,4,2,1]","{'attr_mode': 'none', 'dim': 64, 'weights': [1, 2, 4, 8, 16, 16, 8, 4, 2, 1]}"
"2025-09-29 15:05:21,791",11,528,fastrp,set2set,0.4299,64,none,"[1,2,4,8,16,16,8,4,2,1]","{'attr_mode': 'none', 'dim': 64, 'weights': [1, 2, 4, 8, 16, 16, 8, 4, 2, 1]}"
"2025-09-29 15:05:30,015",12,528,fastrp,mil_attention,0.4054,64,none,"[1,2,4,8,16,16,8,4,2,1]","{'attr_mode': 'none', 'dim': 64, 'weights': [1, 2, 4, 8, 16, 16, 8, 4, 2, 1]}"
"2025-09-29 15:05:39,011",13,528,fastrp,mean_pool,0.4349,64,none,"[1,2,4,8,16,32,64,128,256,512]","{'attr_mode': 'none', 'dim': 64, 'weights': [1, 2, 4, 8, 16, 32, 64, 128, 256, 512]}"
"2025-09-29 15:05:47,810",14,528,fastrp,global_attention,0.4836,64,none,"[1,2,4,8,16,32,64,128,256,512]","{'attr_mode': 'none', 'dim': 64, 'weights': [1, 2, 4, 8, 16, 32, 64, 128, 256, 512]}"
"2025-09-29 15:05:56,639",15,528,fastrp,set2set,0.4734,64,none,"[1,2,4,8,16,32,64,128,256,512]","{'attr_mode': 'none', 'dim': 64, 'weights': [1, 2, 4, 8, 16, 32, 64, 128, 256, 512]}"
"2025-09-29 15:06:04,867",16,528,fastrp,mil_attention,0.4203,64,none,"[1,2,4,8,16,32,64,128,256,512]","{'attr_mode': 'none', 'dim': 64, 'weights': [1, 2, 4, 8, 16, 32, 64, 128, 256, 512]}"
"2025-09-29 15:06:13,831",17,528,fastrp,mean_pool,0.4349,64,none,"[1,1,1,1,1,1,1,1,1,0]","{'attr_mode': 'none', 'dim': 64, 'weights': [1, 1, 1, 1, 1, 1, 1, 1, 1, 0]}"
"2025-09-29 15:06:22,007",18,528,fastrp,global_attention,0.4392,64,none,"[1,1,1,1,1,1,1,1,1,0]","{'attr_mode': 'none', 'dim': 64, 'weights': [1, 1, 1, 1, 1, 1, 1, 1, 1, 0]}"
"2025-09-29 15:06:30,810",19,528,fastrp,set2set,0.4424,64,none,"[1,1,1,1,1,1,1,1,1,0]","{'attr_mode': 'none', 'dim': 64, 'weights': [1, 1, 1, 1, 1, 1, 1, 1, 1, 0]}"
"2025-09-29 15:06:39,597",20,528,fastrp,mil_attention,0.4567,64,none,"[1,1,1,1,1,1,1,1,1,0]","{'attr_mode': 'none', 'dim': 64, 'weights': [1, 1, 1, 1, 1, 1, 1, 1, 1, 0]}"
"2025-09-29 15:06:48,587",21,528,fastrp,mean_pool,0.435,64,none,"[1,1,1,1,1,1,1,1,0,0]","{'attr_mode': 'none', 'dim': 64, 'weights': [1, 1, 1, 1, 1, 1, 1, 1, 0, 0]}"
"2025-09-29 15:06:57,312",22,528,fastrp,global_attention,0.422,64,none,"[1,1,1,1,1,1,1,1,0,0]","{'attr_mode': 'none', 'dim': 64, 'weights': [1, 1, 1, 1, 1, 1, 1, 1, 0, 0]}"
"2025-09-29 15:07:05,517",23,528,fastrp,set2set,0.4313,64,none,"[1,1,1,1,1,1,1,1,0,0]","{'attr_mode': 'none', 'dim': 64, 'weights': [1, 1, 1, 1, 1, 1, 1, 1, 0, 0]}"
"2025-09-29 15:07:14,200",24,528,fastrp,mil_attention,0.4259,64,none,"[1,1,1,1,1,1,1,1,0,0]","{'attr_mode': 'none', 'dim': 64, 'weights': [1, 1, 1, 1, 1, 1, 1, 1, 0, 0]}"
"2025-09-29 15:07:23,204",25,528,fastrp,mean_pool,0.435,64,none,"[1,1,1,1,1,1,1,0,0,0]","{'attr_mode': 'none', 'dim': 64, 'weights': [1, 1, 1, 1, 1, 1, 1, 0, 0, 0]}"
"2025-09-29 15:07:31,974",26,528,fastrp,global_attention,0.43,64,none,"[1,1,1,1,1,1,1,0,0,0]","{'attr_mode': 'none', 'dim': 64, 'weights': [1, 1, 1, 1, 1, 1, 1, 0, 0, 0]}"
"2025-09-29 15:07:40,282",27,528,fastrp,set2set,0.3965,64,none,"[1,1,1,1,1,1,1,0,0,0]","{'attr_mode': 'none', 'dim': 64, 'weights': [1, 1, 1, 1, 1, 1, 1, 0, 0, 0]}"
"2025-09-29 15:07:49,021",28,528,fastrp,mil_attention,0.4552,64,none,"[1,1,1,1,1,1,1,0,0,0]","{'attr_mode': 'none', 'dim': 64, 'weights': [1, 1, 1, 1, 1, 1, 1, 0, 0, 0]}"
"2025-09-29 15:07:58,042",29,528,fastrp,mean_pool,0.4358,64,none,"[1,1,1,1,1,1,0,0,0,0]","{'attr_mode': 'none', 'dim': 64, 'weights': [1, 1, 1, 1, 1, 1, 0, 0, 0, 0]}"
"2025-09-29 15:08:06,243",30,528,fastrp,global_attention,0.44,64,none,"[1,1,1,1,1,1,0,0,0,0]","{'attr_mode': 'none', 'dim': 64, 'weights': [1, 1, 1, 1, 1, 1, 0, 0, 0, 0]}"
"2025-09-29 15:08:14,427",31,528,fastrp,set2set,0.4844,64,none,"[1,1,1,1,1,1,0,0,0,0]","{'attr_mode': 'none', 'dim': 64, 'weights': [1, 1, 1, 1, 1, 1, 0, 0, 0, 0]}"
"2025-09-29 15:08:23,144",32,528,fastrp,mil_attention,0.4512,64,none,"[1,1,1,1,1,1,0,0,0,0]","{'attr_mode': 'none', 'dim': 64, 'weights': [1, 1, 1, 1, 1, 1, 0, 0, 0, 0]}"
"2025-09-29 15:08:32,148",33,528,fastrp,mean_pool,0.4349,64,none,"[1,1,1,1,1,0,0,0,0,0]","{'attr_mode': 'none', 'dim': 64, 'weights': [1, 1, 1, 1, 1, 0, 0, 0, 0, 0]}"
"2025-09-29 15:08:40,918",34,528,fastrp,global_attention,0.4929,64,none,"[1,1,1,1,1,0,0,0,0,0]","{'attr_mode': 'none', 'dim': 64, 'weights': [1, 1, 1, 1, 1, 0, 0, 0, 0, 0]}"
"2025-09-29 15:08:49,678",35,528,fastrp,set2set,0.4494,64,none,"[1,1,1,1,1,0,0,0,0,0]","{'attr_mode': 'none', 'dim': 64, 'weights': [1, 1, 1, 1, 1, 0, 0, 0, 0, 0]}"
"2025-09-29 15:08:58,400",36,528,fastrp,mil_attention,0.4236,64,none,"[1,1,1,1,1,0,0,0,0,0]","{'attr_mode': 'none', 'dim': 64, 'weights': [1, 1, 1, 1, 1, 0, 0, 0, 0, 0]}"
"2025-09-29 15:09:07,425",37,528,fastrp,mean_pool,0.4348,64,none,"[1,1,1,1,0,0,0,0,0,0]","{'attr_mode': 'none', 'dim': 64, 'weights': [1, 1, 1, 1, 0, 0, 0, 0, 0, 0]}"
"2025-09-29 15:09:15,648",38,528,fastrp,global_attention,0.4411,64,none,"[1,1,1,1,0,0,0,0,0,0]","{'attr_mode': 'none', 'dim': 64, 'weights': [1, 1, 1, 1, 0, 0, 0, 0, 0, 0]}"
"2025-09-29 15:09:24,422",39,528,fastrp,set2set,0.4244,64,none,"[1,1,1,1,0,0,0,0,0,0]","{'attr_mode': 'none', 'dim': 64, 'weights': [1, 1, 1, 1, 0, 0, 0, 0, 0, 0]}"
"2025-09-29 15:09:33,159",40,528,fastrp,mil_attention,0.4263,64,none,"[1,1,1,1,0,0,0,0,0,0]","{'attr_mode': 'none', 'dim': 64, 'weights': [1, 1, 1, 1, 0, 0, 0, 0, 0, 0]}"
"2025-09-29 15:09:42,256",41,528,fastrp,mean_pool,0.4375,64,none,"[1,1,1,0,0,0,0,0,0,0]","{'attr_mode': 'none', 'dim': 64, 'weights': [1, 1, 1, 0, 0, 0, 0, 0, 0, 0]}"
"2025-09-29 15:09:50,519",42,528,fastrp,global_attention,0.4261,64,none,"[1,1,1,0,0,0,0,0,0,0]","{'attr_mode': 'none', 'dim': 64, 'weights': [1, 1, 1, 0, 0, 0, 0, 0, 0, 0]}"
"2025-09-29 15:09:59,258",43,528,fastrp,set2set,0.4381,64,none,"[1,1,1,0,0,0,0,0,0,0]","{'attr_mode': 'none', 'dim': 64, 'weights': [1, 1, 1, 0, 0, 0, 0, 0, 0, 0]}"
"2025-09-29 15:10:07,491",44,528,fastrp,mil_attention,0.4012,64,none,"[1,1,1,0,0,0,0,0,0,0]","{'attr_mode': 'none', 'dim': 64, 'weights': [1, 1, 1, 0, 0, 0, 0, 0, 0, 0]}"
"2025-09-29 15:10:16,521",45,528,fastrp,mean_pool,0.4365,64,none,"[1,1,0,0,0,0,0,0,0,0]","{'attr_mode': 'none', 'dim': 64, 'weights': [1, 1, 0, 0, 0, 0, 0, 0, 0, 0]}"
"2025-09-29 15:10:24,752",46,528,fastrp,global_attention,0.4292,64,none,"[1,1,0,0,0,0,0,0,0,0]","{'attr_mode': 'none', 'dim': 64, 'weights': [1, 1, 0, 0, 0, 0, 0, 0, 0, 0]}"
"2025-09-29 15:10:33,520",47,528,fastrp,set2set,0.4212,64,none,"[1,1,0,0,0,0,0,0,0,0]","{'attr_mode': 'none', 'dim': 64, 'weights': [1, 1, 0, 0, 0, 0, 0, 0, 0, 0]}"
"2025-09-29 15:10:42,332",48,528,fastrp,mil_attention,0.427,64,none,"[1,1,0,0,0,0,0,0,0,0]","{'attr_mode': 'none', 'dim': 64, 'weights': [1, 1, 0, 0, 0, 0, 0, 0, 0, 0]}"
"2025-09-29 15:10:51,382",49,528,fastrp,mean_pool,0.4452,64,none,"[1,0,0,0,0,0,0,0,0,0]","{'attr_mode': 'none', 'dim': 64, 'weights': [1, 0, 0, 0, 0, 0, 0, 0, 0, 0]}"
"2025-09-29 15:10:59,586",50,528,fastrp,global_attention,0.3991,64,none,"[1,0,0,0,0,0,0,0,0,0]","{'attr_mode': 'none', 'dim': 64, 'weights': [1, 0, 0, 0, 0, 0, 0, 0, 0, 0]}"
"2025-09-29 15:11:08,326",51,528,fastrp,set2set,0.4757,64,none,"[1,0,0,0,0,0,0,0,0,0]","{'attr_mode': 'none', 'dim': 64, 'weights': [1, 0, 0, 0, 0, 0, 0, 0, 0, 0]}"
"2025-09-29 15:11:16,530",52,528,fastrp,mil_attention,0.4225,64,none,"[1,0,0,0,0,0,0,0,0,0]","{'attr_mode': 'none', 'dim': 64, 'weights': [1, 0, 0, 0, 0, 0, 0, 0, 0, 0]}"
"2025-09-29 15:11:25,521",53,528,fastrp,mean_pool,0.4351,64,none,"[0,1,1,1,1,1,1,1,1,1]","{'attr_mode': 'none', 'dim': 64, 'weights': [0, 1, 1, 1, 1, 1, 1, 1, 1, 1]}"
"2025-09-29 15:11:34,347",54,528,fastrp,global_attention,0.4443,64,none,"[0,1,1,1,1,1,1,1,1,1]","{'attr_mode': 'none', 'dim': 64, 'weights': [0, 1, 1, 1, 1, 1, 1, 1, 1, 1]}"
"2025-09-29 15:11:42,653",55,528,fastrp,set2set,0.4372,64,none,"[0,1,1,1,1,1,1,1,1,1]","{'attr_mode': 'none', 'dim': 64, 'weights': [0, 1, 1, 1, 1, 1, 1, 1, 1, 1]}"
"2025-09-29 15:11:50,896",56,528,fastrp,mil_attention,0.4035,64,none,"[0,1,1,1,1,1,1,1,1,1]","{'attr_mode': 'none', 'dim': 64, 'weights': [0, 1, 1, 1, 1, 1, 1, 1, 1, 1]}"
"2025-09-29 15:12:00,403",57,528,fastrp,mean_pool,0.4358,64,none,"[0,0,1,1,1,1,1,1,1,1]","{'attr_mode': 'none', 'dim': 64, 'weights': [0, 0, 1, 1, 1, 1, 1, 1, 1, 1]}"
"2025-09-29 15:12:08,629",58,528,fastrp,global_attention,0.4138,64,none,"[0,0,1,1,1,1,1,1,1,1]","{'attr_mode': 'none', 'dim': 64, 'weights': [0, 0, 1, 1, 1, 1, 1, 1, 1, 1]}"
"2025-09-29 15:12:17,151",59,528,fastrp,set2set,0.4648,64,none,"[0,0,1,1,1,1,1,1,1,1]","{'attr_mode': 'none', 'dim': 64, 'weights': [0, 0, 1, 1, 1, 1, 1, 1, 1, 1]}"
"2025-09-29 15:12:26,223",60,528,fastrp,mil_attention,0.42,64,none,"[0,0,1,1,1,1,1,1,1,1]","{'attr_mode': 'none', 'dim': 64, 'weights': [0, 0, 1, 1, 1, 1, 1, 1, 1, 1]}"
"2025-09-29 15:12:35,856",61,528,fastrp,mean_pool,0.4356,64,none,"[0,0,0,1,1,1,1,1,1,1]","{'attr_mode': 'none', 'dim': 64, 'weights': [0, 0, 0, 1, 1, 1, 1, 1, 1, 1]}"
"2025-09-29 15:12:44,094",62,528,fastrp,global_attention,0.4514,64,none,"[0,0,0,1,1,1,1,1,1,1]","{'attr_mode': 'none', 'dim': 64, 'weights': [0, 0, 0, 1, 1, 1, 1, 1, 1, 1]}"
"2025-09-29 15:12:52,358",63,528,fastrp,set2set,0.3643,64,none,"[0,0,0,1,1,1,1,1,1,1]","{'attr_mode': 'none', 'dim': 64, 'weights': [0, 0, 0, 1, 1, 1, 1, 1, 1, 1]}"
"2025-09-29 15:13:01,173",64,528,fastrp,mil_attention,0.4538,64,none,"[0,0,0,1,1,1,1,1,1,1]","{'attr_mode': 'none', 'dim': 64, 'weights': [0, 0, 0, 1, 1, 1, 1, 1, 1, 1]}"
"2025-09-29 15:13:10,307",65,528,fastrp,mean_pool,0.4358,64,none,"[0,0,0,0,1,1,1,1,1,1]","{'attr_mode': 'none', 'dim': 64, 'weights': [0, 0, 0, 0, 1, 1, 1, 1, 1, 1]}"
"2025-09-29 15:13:18,501",66,528,fastrp,global_attention,0.4568,64,none,"[0,0,0,0,1,1,1,1,1,1]","{'attr_mode': 'none', 'dim': 64, 'weights': [0, 0, 0, 0, 1, 1, 1, 1, 1, 1]}"
"2025-09-29 15:13:27,250",67,528,fastrp,set2set,0.4464,64,none,"[0,0,0,0,1,1,1,1,1,1]","{'attr_mode': 'none', 'dim': 64, 'weights': [0, 0, 0, 0, 1, 1, 1, 1, 1, 1]}"
"2025-09-29 15:13:35,520",68,528,fastrp,mil_attention,0.4617,64,none,"[0,0,0,0,1,1,1,1,1,1]","{'attr_mode': 'none', 'dim': 64, 'weights': [0, 0, 0, 0, 1, 1, 1, 1, 1, 1]}"
"2025-09-29 15:13:44,644",69,528,fastrp,mean_pool,0.4351,64,none,"[0,0,0,0,0,1,1,1,1,1]","{'attr_mode': 'none', 'dim': 64, 'weights': [0, 0, 0, 0, 0, 1, 1, 1, 1, 1]}"
"2025-09-29 15:13:53,465",70,528,fastrp,global_attention,0.4643,64,none,"[0,0,0,0,0,1,1,1,1,1]","{'attr_mode': 'none', 'dim': 64, 'weights': [0, 0, 0, 0, 0, 1, 1, 1, 1, 1]}"
"2025-09-29 15:14:01,730",71,528,fastrp,set2set,0.3998,64,none,"[0,0,0,0,0,1,1,1,1,1]","{'attr_mode': 'none', 'dim': 64, 'weights': [0, 0, 0, 0, 0, 1, 1, 1, 1, 1]}"
"2025-09-29 15:14:10,002",72,528,fastrp,mil_attention,0.4366,64,none,"[0,0,0,0,0,1,1,1,1,1]","{'attr_mode': 'none', 'dim': 64, 'weights': [0, 0, 0, 0, 0, 1, 1, 1, 1, 1]}"
"2025-09-29 15:14:19,649",73,528,fastrp,mean_pool,0.4348,64,none,"[0,0,0,0,0,0,1,1,1,1]","{'attr_mode': 'none', 'dim': 64, 'weights': [0, 0, 0, 0, 0, 0, 1, 1, 1, 1]}"
"2025-09-29 15:14:28,391",74,528,fastrp,global_attention,0.4251,64,none,"[0,0,0,0,0,0,1,1,1,1]","{'attr_mode': 'none', 'dim': 64, 'weights': [0, 0, 0, 0, 0, 0, 1, 1, 1, 1]}"
"2025-09-29 15:14:36,647",75,528,fastrp,set2set,0.4468,64,none,"[0,0,0,0,0,0,1,1,1,1]","{'attr_mode': 'none', 'dim': 64, 'weights': [0, 0, 0, 0, 0, 0, 1, 1, 1, 1]}"
"2025-09-29 15:14:44,959",76,528,fastrp,mil_attention,0.45,64,none,"[0,0,0,0,0,0,1,1,1,1]","{'attr_mode': 'none', 'dim': 64, 'weights': [0, 0, 0, 0, 0, 0, 1, 1, 1, 1]}"
"2025-09-29 15:14:54,532",77,528,fastrp,mean_pool,0.4348,64,none,"[0,0,0,0,0,0,0,1,1,1]","{'attr_mode': 'none', 'dim': 64, 'weights': [0, 0, 0, 0, 0, 0, 0, 1, 1, 1]}"
"2025-09-29 15:15:02,772",78,528,fastrp,global_attention,0.4135,64,none,"[0,0,0,0,0,0,0,1,1,1]","{'attr_mode': 'none', 'dim': 64, 'weights': [0, 0, 0, 0, 0, 0, 0, 1, 1, 1]}"
"2025-09-29 15:15:10,946",79,528,fastrp,set2set,0.4411,64,none,"[0,0,0,0,0,0,0,1,1,1]","{'attr_mode': 'none', 'dim': 64, 'weights': [0, 0, 0, 0, 0, 0, 0, 1, 1, 1]}"
"2025-09-29 15:15:19,715",80,528,fastrp,mil_attention,0.4163,64,none,"[0,0,0,0,0,0,0,1,1,1]","{'attr_mode': 'none', 'dim': 64, 'weights': [0, 0, 0, 0, 0, 0, 0, 1, 1, 1]}"
"2025-09-29 15:15:28,801",81,528,fastrp,mean_pool,0.435,64,none,"[0,0,0,0,0,0,0,0,1,1]","{'attr_mode': 'none', 'dim': 64, 'weights': [0, 0, 0, 0, 0, 0, 0, 0, 1, 1]}"
"2025-09-29 15:15:37,079",82,528,fastrp,global_attention,0.4406,64,none,"[0,0,0,0,0,0,0,0,1,1]","{'attr_mode': 'none', 'dim': 64, 'weights': [0, 0, 0, 0, 0, 0, 0, 0, 1, 1]}"
"2025-09-29 15:15:45,883",83,528,fastrp,set2set,0.4248,64,none,"[0,0,0,0,0,0,0,0,1,1]","{'attr_mode': 'none', 'dim': 64, 'weights': [0, 0, 0, 0, 0, 0, 0, 0, 1, 1]}"
"2025-09-29 15:15:54,107",84,528,fastrp,mil_attention,0.4577,64,none,"[0,0,0,0,0,0,0,0,1,1]","{'attr_mode': 'none', 'dim': 64, 'weights': [0, 0, 0, 0, 0, 0, 0, 0, 1, 1]}"
"2025-09-29 15:16:03,085",85,528,fastrp,mean_pool,0.4346,64,none,"[0,0,0,0,0,0,0,0,0,1]","{'attr_mode': 'none', 'dim': 64, 'weights': [0, 0, 0, 0, 0, 0, 0, 0, 0, 1]}"
"2025-09-29 15:16:11,833",86,528,fastrp,global_attention,0.3848,64,none,"[0,0,0,0,0,0,0,0,0,1]","{'attr_mode': 'none', 'dim': 64, 'weights': [0, 0, 0, 0, 0, 0, 0, 0, 0, 1]}"
"2025-09-29 15:16:20,620",87,528,fastrp,set2set,0.418,64,none,"[0,0,0,0,0,0,0,0,0,1]","{'attr_mode': 'none', 'dim': 64, 'weights': [0, 0, 0, 0, 0, 0, 0, 0, 0, 1]}"
"2025-09-29 15:16:28,876",88,528,fastrp,mil_attention,0.4266,64,none,"[0,0,0,0,0,0,0,0,0,1]","{'attr_mode': 'none', 'dim': 64, 'weights': [0, 0, 0, 0, 0, 0, 0, 0, 0, 1]}"
"2025-09-29 15:17:03,467",93,528,fastrp,mean_pool,0.503,128,none,"[1,1,1,1,1,1,1,1,1,1]","{'attr_mode': 'none', 'dim': 128, 'weights': [1, 1, 1, 1, 1, 1, 1, 1, 1, 1]}"
"2025-09-29 15:17:15,604",94,528,fastrp,global_attention,0.5097,128,none,"[1,1,1,1,1,1,1,1,1,1]","{'attr_mode': 'none', 'dim': 128, 'weights': [1, 1, 1, 1, 1, 1, 1, 1, 1, 1]}"
"2025-09-29 15:17:27,854",95,528,fastrp,set2set,0.4309,128,none,"[1,1,1,1,1,1,1,1,1,1]","{'attr_mode': 'none', 'dim': 128, 'weights': [1, 1, 1, 1, 1, 1, 1, 1, 1, 1]}"
"2025-09-29 15:17:40,602",96,528,fastrp,mil_attention,0.5064,128,none,"[1,1,1,1,1,1,1,1,1,1]","{'attr_mode': 'none', 'dim': 128, 'weights': [1, 1, 1, 1, 1, 1, 1, 1, 1, 1]}"
"2025-09-29 15:17:53,530",97,528,fastrp,mean_pool,0.5033,128,none,"[1,2,4,8,16,16,8,4,2,1]","{'attr_mode': 'none', 'dim': 128, 'weights': [1, 2, 4, 8, 16, 16, 8, 4, 2, 1]}"
"2025-09-29 15:18:05,653",98,528,fastrp,global_attention,0.5085,128,none,"[1,2,4,8,16,16,8,4,2,1]","{'attr_mode': 'none', 'dim': 128, 'weights': [1, 2, 4, 8, 16, 16, 8, 4, 2, 1]}"
"2025-09-29 15:18:18,398",99,528,fastrp,set2set,0.4787,128,none,"[1,2,4,8,16,16,8,4,2,1]","{'attr_mode': 'none', 'dim': 128, 'weights': [1, 2, 4, 8, 16, 16, 8, 4, 2, 1]}"
"2025-09-29 15:18:31,160",100,528,fastrp,mil_attention,0.4365,128,none,"[1,2,4,8,16,16,8,4,2,1]","{'attr_mode': 'none', 'dim': 128, 'weights': [1, 2, 4, 8, 16, 16, 8, 4, 2, 1]}"
"2025-09-29 15:18:44,163",101,528,fastrp,mean_pool,0.503,128,none,"[1,2,4,8,16,32,64,128,256,512]","{'attr_mode': 'none', 'dim': 128, 'weights': [1, 2, 4, 8, 16, 32, 64, 128, 256, 512]}"
"2025-09-29 15:18:56,385",102,528,fastrp,global_attention,0.5263,128,none,"[1,2,4,8,16,32,64,128,256,512]","{'attr_mode': 'none', 'dim': 128, 'weights': [1, 2, 4, 8, 16, 32, 64, 128, 256, 512]}"
"2025-09-29 15:19:09,349",103,528,fastrp,set2set,0.4639,128,none,"[1,2,4,8,16,32,64,128,256,512]","{'attr_mode': 'none', 'dim': 128, 'weights': [1, 2, 4, 8, 16, 32, 64, 128, 256, 512]}"
"2025-09-29 15:19:21,789",104,528,fastrp,mil_attention,0.5349,128,none,"[1,2,4,8,16,32,64,128,256,512]","{'attr_mode': 'none', 'dim': 128, 'weights': [1, 2, 4, 8, 16, 32, 64, 128, 256, 512]}"
"2025-09-29 15:19:34,956",105,528,fastrp,mean_pool,0.5027,128,none,"[1,1,1,1,1,1,1,1,1,0]","{'attr_mode': 'none', 'dim': 128, 'weights': [1, 1, 1, 1, 1, 1, 1, 1, 1, 0]}"
"2025-09-29 15:19:47,937",106,528,fastrp,global_attention,0.4872,128,none,"[1,1,1,1,1,1,1,1,1,0]","{'attr_mode': 'none', 'dim': 128, 'weights': [1, 1, 1, 1, 1, 1, 1, 1, 1, 0]}"
"2025-09-29 15:20:00,345",107,528,fastrp,set2set,0.5229,128,none,"[1,1,1,1,1,1,1,1,1,0]","{'attr_mode': 'none', 'dim': 128, 'weights': [1, 1, 1, 1, 1, 1, 1, 1, 1, 0]}"
"2025-09-29 15:20:12,673",108,528,fastrp,mil_attention,0.4613,128,none,"[1,1,1,1,1,1,1,1,1,0]","{'attr_mode': 'none', 'dim': 128, 'weights': [1, 1, 1, 1, 1, 1, 1, 1, 1, 0]}"
"2025-09-29 15:20:26,162",109,528,fastrp,mean_pool,0.5022,128,none,"[1,1,1,1,1,1,1,1,0,0]","{'attr_mode': 'none', 'dim': 128, 'weights': [1, 1, 1, 1, 1, 1, 1, 1, 0, 0]}"
"2025-09-29 15:20:38,436",110,528,fastrp,global_attention,0.5093,128,none,"[1,1,1,1,1,1,1,1,0,0]","{'attr_mode': 'none', 'dim': 128, 'weights': [1, 1, 1, 1, 1, 1, 1, 1, 0, 0]}"
"2025-09-29 15:20:50,744",111,528,fastrp,set2set,0.5156,128,none,"[1,1,1,1,1,1,1,1,0,0]","{'attr_mode': 'none', 'dim': 128, 'weights': [1, 1, 1, 1, 1, 1, 1, 1, 0, 0]}"
"2025-09-29 15:21:03,708",112,528,fastrp,mil_attention,0.4909,128,none,"[1,1,1,1,1,1,1,1,0,0]","{'attr_mode': 'none', 'dim': 128, 'weights': [1, 1, 1, 1, 1, 1, 1, 1, 0, 0]}"
"2025-09-29 15:21:17,419",113,528,fastrp,mean_pool,0.5008,128,none,"[1,1,1,1,1,1,1,0,0,0]","{'attr_mode': 'none', 'dim': 128, 'weights': [1, 1, 1, 1, 1, 1, 1, 0, 0, 0]}"
"2025-09-29 15:21:29,860",114,528,fastrp,global_attention,0.4998,128,none,"[1,1,1,1,1,1,1,0,0,0]","{'attr_mode': 'none', 'dim': 128, 'weights': [1, 1, 1, 1, 1, 1, 1, 0, 0, 0]}"
"2025-09-29 15:21:42,304",115,528,fastrp,set2set,0.5001,128,none,"[1,1,1,1,1,1,1,0,0,0]","{'attr_mode': 'none', 'dim': 128, 'weights': [1, 1, 1, 1, 1, 1, 1, 0, 0, 0]}"
"2025-09-29 15:21:55,210",116,528,fastrp,mil_attention,0.5273,128,none,"[1,1,1,1,1,1,1,0,0,0]","{'attr_mode': 'none', 'dim': 128, 'weights': [1, 1, 1, 1, 1, 1, 1, 0, 0, 0]}"
"2025-09-29 15:22:08,387",117,528,fastrp,mean_pool,0.4994,128,none,"[1,1,1,1,1,1,0,0,0,0]","{'attr_mode': 'none', 'dim': 128, 'weights': [1, 1, 1, 1, 1, 1, 0, 0, 0, 0]}"
"2025-09-29 15:22:20,790",118,528,fastrp,global_attention,0.5098,128,none,"[1,1,1,1,1,1,0,0,0,0]","{'attr_mode': 'none', 'dim': 128, 'weights': [1, 1, 1, 1, 1, 1, 0, 0, 0, 0]}"
"2025-09-29 15:22:33,790",119,528,fastrp,set2set,0.5128,128,none,"[1,1,1,1,1,1,0,0,0,0]","{'attr_mode': 'none', 'dim': 128, 'weights': [1, 1, 1, 1, 1, 1, 0, 0, 0, 0]}"
"2025-09-29 15:22:46,195",120,528,fastrp,mil_attention,0.4706,128,none,"[1,1,1,1,1,1,0,0,0,0]","{'attr_mode': 'none', 'dim': 128, 'weights': [1, 1, 1, 1, 1, 1, 0, 0, 0, 0]}"
"2025-09-29 15:22:59,412",121,528,fastrp,mean_pool,0.4977,128,none,"[1,1,1,1,1,0,0,0,0,0]","{'attr_mode': 'none', 'dim': 128, 'weights': [1, 1, 1, 1, 1, 0, 0, 0, 0, 0]}"
"2025-09-29 15:23:12,370",122,528,fastrp,global_attention,0.4801,128,none,"[1,1,1,1,1,0,0,0,0,0]","{'attr_mode': 'none', 'dim': 128, 'weights': [1, 1, 1, 1, 1, 0, 0, 0, 0, 0]}"
"2025-09-29 15:23:24,775",123,528,fastrp,set2set,0.3657,128,none,"[1,1,1,1,1,0,0,0,0,0]","{'attr_mode': 'none', 'dim': 128, 'weights': [1, 1, 1, 1, 1, 0, 0, 0, 0, 0]}"
"2025-09-29 15:23:37,059",124,528,fastrp,mil_attention,0.4964,128,none,"[1,1,1,1,1,0,0,0,0,0]","{'attr_mode': 'none', 'dim': 128, 'weights': [1, 1, 1, 1, 1, 0, 0, 0, 0, 0]}"
"2025-09-29 15:23:50,511",125,528,fastrp,mean_pool,0.4974,128,none,"[1,1,1,1,0,0,0,0,0,0]","{'attr_mode': 'none', 'dim': 128, 'weights': [1, 1, 1, 1, 0, 0, 0, 0, 0, 0]}"
"2025-09-29 15:24:03,344",126,528,fastrp,global_attention,0.4964,128,none,"[1,1,1,1,0,0,0,0,0,0]","{'attr_mode': 'none', 'dim': 128, 'weights': [1, 1, 1, 1, 0, 0, 0, 0, 0, 0]}"
"2025-09-29 15:24:15,641",127,528,fastrp,set2set,0.4901,128,none,"[1,1,1,1,0,0,0,0,0,0]","{'attr_mode': 'none', 'dim': 128, 'weights': [1, 1, 1, 1, 0, 0, 0, 0, 0, 0]}"
"2025-09-29 15:24:28,059",128,528,fastrp,mil_attention,0.5028,128,none,"[1,1,1,1,0,0,0,0,0,0]","{'attr_mode': 'none', 'dim': 128, 'weights': [1, 1, 1, 1, 0, 0, 0, 0, 0, 0]}"
"2025-09-29 15:24:41,715",129,528,fastrp,mean_pool,0.4944,128,none,"[1,1,1,0,0,0,0,0,0,0]","{'attr_mode': 'none', 'dim': 128, 'weights': [1, 1, 1, 0, 0, 0, 0, 0, 0, 0]}"
"2025-09-29 15:24:53,899",130,528,fastrp,global_attention,0.4811,128,none,"[1,1,1,0,0,0,0,0,0,0]","{'attr_mode': 'none', 'dim': 128, 'weights': [1, 1, 1, 0, 0, 0, 0, 0, 0, 0]}"
"2025-09-29 15:25:06,258",131,528,fastrp,set2set,0.5108,128,none,"[1,1,1,0,0,0,0,0,0,0]","{'attr_mode': 'none', 'dim': 128, 'weights': [1, 1, 1, 0, 0, 0, 0, 0, 0, 0]}"
"2025-09-29 15:25:19,221",132,528,fastrp,mil_attention,0.4764,128,none,"[1,1,1,0,0,0,0,0,0,0]","{'attr_mode': 'none', 'dim': 128, 'weights': [1, 1, 1, 0, 0, 0, 0, 0, 0, 0]}"
"2025-09-29 15:25:32,256",133,528,fastrp,mean_pool,0.4927,128,none,"[1,1,0,0,0,0,0,0,0,0]","{'attr_mode': 'none', 'dim': 128, 'weights': [1, 1, 0, 0, 0, 0, 0, 0, 0, 0]}"
"2025-09-29 15:25:44,581",134,528,fastrp,global_attention,0.5245,128,none,"[1,1,0,0,0,0,0,0,0,0]","{'attr_mode': 'none', 'dim': 128, 'weights': [1, 1, 0, 0, 0, 0, 0, 0, 0, 0]}"
"2025-09-29 15:25:57,512",135,528,fastrp,set2set,0.5649,128,none,"[1,1,0,0,0,0,0,0,0,0]","{'attr_mode': 'none', 'dim': 128, 'weights': [1, 1, 0, 0, 0, 0, 0, 0, 0, 0]}"
"2025-09-29 15:26:09,923",136,528,fastrp,mil_attention,0.467,128,none,"[1,1,0,0,0,0,0,0,0,0]","{'attr_mode': 'none', 'dim': 128, 'weights': [1, 1, 0, 0, 0, 0, 0, 0, 0, 0]}"
"2025-09-29 15:26:22,993",137,528,fastrp,mean_pool,0.4903,128,none,"[1,0,0,0,0,0,0,0,0,0]","{'attr_mode': 'none', 'dim': 128, 'weights': [1, 0, 0, 0, 0, 0, 0, 0, 0, 0]}"
"2025-09-29 15:26:35,709",138,528,fastrp,global_attention,0.4427,128,none,"[1,0,0,0,0,0,0,0,0,0]","{'attr_mode': 'none', 'dim': 128, 'weights': [1, 0, 0, 0, 0, 0, 0, 0, 0, 0]}"
"2025-09-29 15:26:48,497",139,528,fastrp,set2set,0.558,128,none,"[1,0,0,0,0,0,0,0,0,0]","{'attr_mode': 'none', 'dim': 128, 'weights': [1, 0, 0, 0, 0, 0, 0, 0, 0, 0]}"
"2025-09-29 15:27:00,710",140,528,fastrp,mil_attention,0.516,128,none,"[1,0,0,0,0,0,0,0,0,0]","{'attr_mode': 'none', 'dim': 128, 'weights': [1, 0, 0, 0, 0, 0, 0, 0, 0, 0]}"
"2025-09-29 15:27:13,795",141,528,fastrp,mean_pool,0.5036,128,none,"[0,1,1,1,1,1,1,1,1,1]","{'attr_mode': 'none', 'dim': 128, 'weights': [0, 1, 1, 1, 1, 1, 1, 1, 1, 1]}"
"2025-09-29 15:27:26,440",142,528,fastrp,global_attention,0.5251,128,none,"[0,1,1,1,1,1,1,1,1,1]","{'attr_mode': 'none', 'dim': 128, 'weights': [0, 1, 1, 1, 1, 1, 1, 1, 1, 1]}"
"2025-09-29 15:27:38,653",143,528,fastrp,set2set,0.4659,128,none,"[0,1,1,1,1,1,1,1,1,1]","{'attr_mode': 'none', 'dim': 128, 'weights': [0, 1, 1, 1, 1, 1, 1, 1, 1, 1]}"
"2025-09-29 15:27:50,853",144,528,fastrp,mil_attention,0.4597,128,none,"[0,1,1,1,1,1,1,1,1,1]","{'attr_mode': 'none', 'dim': 128, 'weights': [0, 1, 1, 1, 1, 1, 1, 1, 1, 1]}"
"2025-09-29 15:28:04,317",145,528,fastrp,mean_pool,0.5021,128,none,"[0,0,1,1,1,1,1,1,1,1]","{'attr_mode': 'none', 'dim': 128, 'weights': [0, 0, 1, 1, 1, 1, 1, 1, 1, 1]}"
"2025-09-29 15:28:16,428",146,528,fastrp,global_attention,0.5229,128,none,"[0,0,1,1,1,1,1,1,1,1]","{'attr_mode': 'none', 'dim': 128, 'weights': [0, 0, 1, 1, 1, 1, 1, 1, 1, 1]}"
"2025-09-29 15:28:28,585",147,528,fastrp,set2set,0.5424,128,none,"[0,0,1,1,1,1,1,1,1,1]","{'attr_mode': 'none', 'dim': 128, 'weights': [0, 0, 1, 1, 1, 1, 1, 1, 1, 1]}"
"2025-09-29 15:28:41,332",148,528,fastrp,mil_attention,0.4999,128,none,"[0,0,1,1,1,1,1,1,1,1]","{'attr_mode': 'none', 'dim': 128, 'weights': [0, 0, 1, 1, 1, 1, 1, 1, 1, 1]}"
"2025-09-29 15:28:54,793",149,528,fastrp,mean_pool,0.5028,128,none,"[0,0,0,1,1,1,1,1,1,1]","{'attr_mode': 'none', 'dim': 128, 'weights': [0, 0, 0, 1, 1, 1, 1, 1, 1, 1]}"
"2025-09-29 15:29:06,884",150,528,fastrp,global_attention,0.5027,128,none,"[0,0,0,1,1,1,1,1,1,1]","{'attr_mode': 'none', 'dim': 128, 'weights': [0, 0, 0, 1, 1, 1, 1, 1, 1, 1]}"
"2025-09-29 15:29:19,536",151,528,fastrp,set2set,0.4606,128,none,"[0,0,0,1,1,1,1,1,1,1]","{'attr_mode': 'none', 'dim': 128, 'weights': [0, 0, 0, 1, 1, 1, 1, 1, 1, 1]}"
"2025-09-29 15:29:32,229",152,528,fastrp,mil_attention,0.5054,128,none,"[0,0,0,1,1,1,1,1,1,1]","{'attr_mode': 'none', 'dim': 128, 'weights': [0, 0, 0, 1, 1, 1, 1, 1, 1, 1]}"
"2025-09-29 15:29:45,220",153,528,fastrp,mean_pool,0.501,128,none,"[0,0,0,0,1,1,1,1,1,1]","{'attr_mode': 'none', 'dim': 128, 'weights': [0, 0, 0, 0, 1, 1, 1, 1, 1, 1]}"
"2025-09-29 15:29:57,428",154,528,fastrp,global_attention,0.5285,128,none,"[0,0,0,0,1,1,1,1,1,1]","{'attr_mode': 'none', 'dim': 128, 'weights': [0, 0, 0, 0, 1, 1, 1, 1, 1, 1]}"
"2025-09-29 15:30:10,132",155,528,fastrp,set2set,0.459,128,none,"[0,0,0,0,1,1,1,1,1,1]","{'attr_mode': 'none', 'dim': 128, 'weights': [0, 0, 0, 0, 1, 1, 1, 1, 1, 1]}"
"2025-09-29 15:30:22,288",156,528,fastrp,mil_attention,0.4818,128,none,"[0,0,0,0,1,1,1,1,1,1]","{'attr_mode': 'none', 'dim': 128, 'weights': [0, 0, 0, 0, 1, 1, 1, 1, 1, 1]}"
"2025-09-29 15:30:35,238",157,528,fastrp,mean_pool,0.5028,128,none,"[0,0,0,0,0,1,1,1,1,1]","{'attr_mode': 'none', 'dim': 128, 'weights': [0, 0, 0, 0, 0, 1, 1, 1, 1, 1]}"
"2025-09-29 15:30:47,958",158,528,fastrp,global_attention,0.5101,128,none,"[0,0,0,0,0,1,1,1,1,1]","{'attr_mode': 'none', 'dim': 128, 'weights': [0, 0, 0, 0, 0, 1, 1, 1, 1, 1]}"
"2025-09-29 15:31:00,141",159,528,fastrp,set2set,0.4893,128,none,"[0,0,0,0,0,1,1,1,1,1]","{'attr_mode': 'none', 'dim': 128, 'weights': [0, 0, 0, 0, 0, 1, 1, 1, 1, 1]}"
"2025-09-29 15:31:12,320",160,528,fastrp,mil_attention,0.4808,128,none,"[0,0,0,0,0,1,1,1,1,1]","{'attr_mode': 'none', 'dim': 128, 'weights': [0, 0, 0, 0, 0, 1, 1, 1, 1, 1]}"
"2025-09-29 15:31:25,803",161,528,fastrp,mean_pool,0.502,128,none,"[0,0,0,0,0,0,1,1,1,1]","{'attr_mode': 'none', 'dim': 128, 'weights': [0, 0, 0, 0, 0, 0, 1, 1, 1, 1]}"
"2025-09-29 15:31:38,014",162,528,fastrp,global_attention,0.481,128,none,"[0,0,0,0,0,0,1,1,1,1]","{'attr_mode': 'none', 'dim': 128, 'weights': [0, 0, 0, 0, 0, 0, 1, 1, 1, 1]}"
"2025-09-29 15:31:50,236",163,528,fastrp,set2set,0.4249,128,none,"[0,0,0,0,0,0,1,1,1,1]","{'attr_mode': 'none', 'dim': 128, 'weights': [0, 0, 0, 0, 0, 0, 1, 1, 1, 1]}"
"2025-09-29 15:32:03,083",164,528,fastrp,mil_attention,0.4819,128,none,"[0,0,0,0,0,0,1,1,1,1]","{'attr_mode': 'none', 'dim': 128, 'weights': [0, 0, 0, 0, 0, 0, 1, 1, 1, 1]}"
"2025-09-29 15:32:16,564",165,528,fastrp,mean_pool,0.5035,128,none,"[0,0,0,0,0,0,0,1,1,1]","{'attr_mode': 'none', 'dim': 128, 'weights': [0, 0, 0, 0, 0, 0, 0, 1, 1, 1]}"
"2025-09-29 15:32:28,903",166,528,fastrp,global_attention,0.4983,128,none,"[0,0,0,0,0,0,0,1,1,1]","{'attr_mode': 'none', 'dim': 128, 'weights': [0, 0, 0, 0, 0, 0, 0, 1, 1, 1]}"
"2025-09-29 15:32:41,185",167,528,fastrp,set2set,0.5415,128,none,"[0,0,0,0,0,0,0,1,1,1]","{'attr_mode': 'none', 'dim': 128, 'weights': [0, 0, 0, 0, 0, 0, 0, 1, 1, 1]}"
"2025-09-29 15:32:54,106",168,528,fastrp,mil_attention,0.4998,128,none,"[0,0,0,0,0,0,0,1,1,1]","{'attr_mode': 'none', 'dim': 128, 'weights': [0, 0, 0, 0, 0, 0, 0, 1, 1, 1]}"
"2025-09-29 15:33:07,310",169,528,fastrp,mean_pool,0.5028,128,none,"[0,0,0,0,0,0,0,0,1,1]","{'attr_mode': 'none', 'dim': 128, 'weights': [0, 0, 0, 0, 0, 0, 0, 0, 1, 1]}"
"2025-09-29 15:33:19,506",170,528,fastrp,global_attention,0.4822,128,none,"[0,0,0,0,0,0,0,0,1,1]","{'attr_mode': 'none', 'dim': 128, 'weights': [0, 0, 0, 0, 0, 0, 0, 0, 1, 1]}"
"2025-09-29 15:33:32,374",171,528,fastrp,set2set,0.519,128,none,"[0,0,0,0,0,0,0,0,1,1]","{'attr_mode': 'none', 'dim': 128, 'weights': [0, 0, 0, 0, 0, 0, 0, 0, 1, 1]}"
"2025-09-29 15:33:44,709",172,528,fastrp,mil_attention,0.481,128,none,"[0,0,0,0,0,0,0,0,1,1]","{'attr_mode': 'none', 'dim': 128, 'weights': [0, 0, 0, 0, 0, 0, 0, 0, 1, 1]}"
"2025-09-29 15:33:57,687",173,528,fastrp,mean_pool,0.5049,128,none,"[0,0,0,0,0,0,0,0,0,1]","{'attr_mode': 'none', 'dim': 128, 'weights': [0, 0, 0, 0, 0, 0, 0, 0, 0, 1]}"
"2025-09-29 15:34:10,404",174,528,fastrp,global_attention,0.4938,128,none,"[0,0,0,0,0,0,0,0,0,1]","{'attr_mode': 'none', 'dim': 128, 'weights': [0, 0, 0, 0, 0, 0, 0, 0, 0, 1]}"
"2025-09-29 15:34:22,660",175,528,fastrp,set2set,0.4762,128,none,"[0,0,0,0,0,0,0,0,0,1]","{'attr_mode': 'none', 'dim': 128, 'weights': [0, 0, 0, 0, 0, 0, 0, 0, 0, 1]}"
"2025-09-29 15:34:34,765",176,528,fastrp,mil_attention,0.4863,128,none,"[0,0,0,0,0,0,0,0,0,1]","{'attr_mode': 'none', 'dim': 128, 'weights': [0, 0, 0, 0, 0, 0, 0, 0, 0, 1]}"
"2025-09-29 15:35:24,259",181,528,fastrp,mean_pool,0.6132,256,none,"[1,1,1,1,1,1,1,1,1,1]","{'attr_mode': 'none', 'dim': 256, 'weights': [1, 1, 1, 1, 1, 1, 1, 1, 1, 1]}"
"2025-09-29 15:35:44,051",182,528,fastrp,global_attention,0.617,256,none,"[1,1,1,1,1,1,1,1,1,1]","{'attr_mode': 'none', 'dim': 256, 'weights': [1, 1, 1, 1, 1, 1, 1, 1, 1, 1]}"
"2025-09-29 15:36:04,084",183,528,fastrp,set2set,0.5103,256,none,"[1,1,1,1,1,1,1,1,1,1]","{'attr_mode': 'none', 'dim': 256, 'weights': [1, 1, 1, 1, 1, 1, 1, 1, 1, 1]}"
"2025-09-29 15:36:24,385",184,528,fastrp,mil_attention,0.5825,256,none,"[1,1,1,1,1,1,1,1,1,1]","{'attr_mode': 'none', 'dim': 256, 'weights': [1, 1, 1, 1, 1, 1, 1, 1, 1, 1]}"
"2025-09-29 15:36:45,047",185,528,fastrp,mean_pool,0.6114,256,none,"[1,2,4,8,16,16,8,4,2,1]","{'attr_mode': 'none', 'dim': 256, 'weights': [1, 2, 4, 8, 16, 16, 8, 4, 2, 1]}"
"2025-09-29 15:37:05,023",186,528,fastrp,global_attention,0.6145,256,none,"[1,2,4,8,16,16,8,4,2,1]","{'attr_mode': 'none', 'dim': 256, 'weights': [1, 2, 4, 8, 16, 16, 8, 4, 2, 1]}"
"2025-09-29 15:37:25,458",187,528,fastrp,set2set,0.5993,256,none,"[1,2,4,8,16,16,8,4,2,1]","{'attr_mode': 'none', 'dim': 256, 'weights': [1, 2, 4, 8, 16, 16, 8, 4, 2, 1]}"
"2025-09-29 15:37:45,886",188,528,fastrp,mil_attention,0.5963,256,none,"[1,2,4,8,16,16,8,4,2,1]","{'attr_mode': 'none', 'dim': 256, 'weights': [1, 2, 4, 8, 16, 16, 8, 4, 2, 1]}"
"2025-09-29 15:38:06,550",189,528,fastrp,mean_pool,0.6103,256,none,"[1,2,4,8,16,32,64,128,256,512]","{'attr_mode': 'none', 'dim': 256, 'weights': [1, 2, 4, 8, 16, 32, 64, 128, 256, 512]}"
"2025-09-29 15:38:26,516",190,528,fastrp,global_attention,0.5666,256,none,"[1,2,4,8,16,32,64,128,256,512]","{'attr_mode': 'none', 'dim': 256, 'weights': [1, 2, 4, 8, 16, 32, 64, 128, 256, 512]}"
"2025-09-29 15:38:46,409",191,528,fastrp,set2set,0.6522,256,none,"[1,2,4,8,16,32,64,128,256,512]","{'attr_mode': 'none', 'dim': 256, 'weights': [1, 2, 4, 8, 16, 32, 64, 128, 256, 512]}"
"2025-09-29 15:39:06,699",192,528,fastrp,mil_attention,0.6036,256,none,"[1,2,4,8,16,32,64,128,256,512]","{'attr_mode': 'none', 'dim': 256, 'weights': [1, 2, 4, 8, 16, 32, 64, 128, 256, 512]}"
"2025-09-29 15:39:27,779",193,528,fastrp,mean_pool,0.6133,256,none,"[1,1,1,1,1,1,1,1,1,0]","{'attr_mode': 'none', 'dim': 256, 'weights': [1, 1, 1, 1, 1, 1, 1, 1, 1, 0]}"
"2025-09-29 15:39:47,756",194,528,fastrp,global_attention,0.6233,256,none,"[1,1,1,1,1,1,1,1,1,0]","{'attr_mode': 'none', 'dim': 256, 'weights': [1, 1, 1, 1, 1, 1, 1, 1, 1, 0]}"
"2025-09-29 15:40:07,776",195,528,fastrp,set2set,0.5645,256,none,"[1,1,1,1,1,1,1,1,1,0]","{'attr_mode': 'none', 'dim': 256, 'weights': [1, 1, 1, 1, 1, 1, 1, 1, 1, 0]}"
"2025-09-29 15:40:28,259",196,528,fastrp,mil_attention,0.6272,256,none,"[1,1,1,1,1,1,1,1,1,0]","{'attr_mode': 'none', 'dim': 256, 'weights': [1, 1, 1, 1, 1, 1, 1, 1, 1, 0]}"
"2025-09-29 15:40:49,865",197,528,fastrp,mean_pool,0.6143,256,none,"[1,1,1,1,1,1,1,1,0,0]","{'attr_mode': 'none', 'dim': 256, 'weights': [1, 1, 1, 1, 1, 1, 1, 1, 0, 0]}"
"2025-09-29 15:41:09,909",198,528,fastrp,global_attention,0.6021,256,none,"[1,1,1,1,1,1,1,1,0,0]","{'attr_mode': 'none', 'dim': 256, 'weights': [1, 1, 1, 1, 1, 1, 1, 1, 0, 0]}"
"2025-09-29 15:41:29,962",199,528,fastrp,set2set,0.6326,256,none,"[1,1,1,1,1,1,1,1,0,0]","{'attr_mode': 'none', 'dim': 256, 'weights': [1, 1, 1, 1, 1, 1, 1, 1, 0, 0]}"
"2025-09-29 15:41:50,217",200,528,fastrp,mil_attention,0.5717,256,none,"[1,1,1,1,1,1,1,1,0,0]","{'attr_mode': 'none', 'dim': 256, 'weights': [1, 1, 1, 1, 1, 1, 1, 1, 0, 0]}"
"2025-09-29 15:42:11,414",201,528,fastrp,mean_pool,0.6153,256,none,"[1,1,1,1,1,1,1,0,0,0]","{'attr_mode': 'none', 'dim': 256, 'weights': [1, 1, 1, 1, 1, 1, 1, 0, 0, 0]}"
"2025-09-29 15:42:31,843",202,528,fastrp,global_attention,0.6076,256,none,"[1,1,1,1,1,1,1,0,0,0]","{'attr_mode': 'none', 'dim': 256, 'weights': [1, 1, 1, 1, 1, 1, 1, 0, 0, 0]}"
"2025-09-29 15:42:52,031",203,528,fastrp,set2set,0.555,256,none,"[1,1,1,1,1,1,1,0,0,0]","{'attr_mode': 'none', 'dim': 256, 'weights': [1, 1, 1, 1, 1, 1, 1, 0, 0, 0]}"
"2025-09-29 15:43:12,431",204,528,fastrp,mil_attention,0.6038,256,none,"[1,1,1,1,1,1,1,0,0,0]","{'attr_mode': 'none', 'dim': 256, 'weights': [1, 1, 1, 1, 1, 1, 1, 0, 0, 0]}"
"2025-09-29 15:43:33,474",205,528,fastrp,mean_pool,0.6156,256,none,"[1,1,1,1,1,1,0,0,0,0]","{'attr_mode': 'none', 'dim': 256, 'weights': [1, 1, 1, 1, 1, 1, 0, 0, 0, 0]}"
"2025-09-29 15:43:53,437",206,528,fastrp,global_attention,0.575,256,none,"[1,1,1,1,1,1,0,0,0,0]","{'attr_mode': 'none', 'dim': 256, 'weights': [1, 1, 1, 1, 1, 1, 0, 0, 0, 0]}"
"2025-09-29 15:44:13,981",207,528,fastrp,set2set,0.5851,256,none,"[1,1,1,1,1,1,0,0,0,0]","{'attr_mode': 'none', 'dim': 256, 'weights': [1, 1, 1, 1, 1, 1, 0, 0, 0, 0]}"
"2025-09-29 15:44:34,056",208,528,fastrp,mil_attention,0.6428,256,none,"[1,1,1,1,1,1,0,0,0,0]","{'attr_mode': 'none', 'dim': 256, 'weights': [1, 1, 1, 1, 1, 1, 0, 0, 0, 0]}"
"2025-09-29 15:44:54,935",209,528,fastrp,mean_pool,0.6147,256,none,"[1,1,1,1,1,0,0,0,0,0]","{'attr_mode': 'none', 'dim': 256, 'weights': [1, 1, 1, 1, 1, 0, 0, 0, 0, 0]}"
"2025-09-29 15:45:15,513",210,528,fastrp,global_attention,0.601,256,none,"[1,1,1,1,1,0,0,0,0,0]","{'attr_mode': 'none', 'dim': 256, 'weights': [1, 1, 1, 1, 1, 0, 0, 0, 0, 0]}"
"2025-09-29 15:45:35,672",211,528,fastrp,set2set,0.457,256,none,"[1,1,1,1,1,0,0,0,0,0]","{'attr_mode': 'none', 'dim': 256, 'weights': [1, 1, 1, 1, 1, 0, 0, 0, 0, 0]}"
"2025-09-29 15:45:56,255",212,528,fastrp,mil_attention,0.6345,256,none,"[1,1,1,1,1,0,0,0,0,0]","{'attr_mode': 'none', 'dim': 256, 'weights': [1, 1, 1, 1, 1, 0, 0, 0, 0, 0]}"
"2025-09-29 15:46:17,012",213,528,fastrp,mean_pool,0.6167,256,none,"[1,1,1,1,0,0,0,0,0,0]","{'attr_mode': 'none', 'dim': 256, 'weights': [1, 1, 1, 1, 0, 0, 0, 0, 0, 0]}"
"2025-09-29 15:46:37,233",214,528,fastrp,global_attention,0.6363,256,none,"[1,1,1,1,0,0,0,0,0,0]","{'attr_mode': 'none', 'dim': 256, 'weights': [1, 1, 1, 1, 0, 0, 0, 0, 0, 0]}"
"2025-09-29 15:46:57,303",215,528,fastrp,set2set,0.6314,256,none,"[1,1,1,1,0,0,0,0,0,0]","{'attr_mode': 'none', 'dim': 256, 'weights': [1, 1, 1, 1, 0, 0, 0, 0, 0, 0]}"
"2025-09-29 15:47:17,767",216,528,fastrp,mil_attention,0.6325,256,none,"[1,1,1,1,0,0,0,0,0,0]","{'attr_mode': 'none', 'dim': 256, 'weights': [1, 1, 1, 1, 0, 0, 0, 0, 0, 0]}"
"2025-09-29 15:47:38,976",217,528,fastrp,mean_pool,0.6185,256,none,"[1,1,1,0,0,0,0,0,0,0]","{'attr_mode': 'none', 'dim': 256, 'weights': [1, 1, 1, 0, 0, 0, 0, 0, 0, 0]}"
"2025-09-29 15:47:58,875",218,528,fastrp,global_attention,0.6208,256,none,"[1,1,1,0,0,0,0,0,0,0]","{'attr_mode': 'none', 'dim': 256, 'weights': [1, 1, 1, 0, 0, 0, 0, 0, 0, 0]}"
"2025-09-29 15:48:18,931",219,528,fastrp,set2set,0.5777,256,none,"[1,1,1,0,0,0,0,0,0,0]","{'attr_mode': 'none', 'dim': 256, 'weights': [1, 1, 1, 0, 0, 0, 0, 0, 0, 0]}"
"2025-09-29 15:48:39,643",220,528,fastrp,mil_attention,0.6007,256,none,"[1,1,1,0,0,0,0,0,0,0]","{'attr_mode': 'none', 'dim': 256, 'weights': [1, 1, 1, 0, 0, 0, 0, 0, 0, 0]}"
"2025-09-29 15:49:00,395",221,528,fastrp,mean_pool,0.6202,256,none,"[1,1,0,0,0,0,0,0,0,0]","{'attr_mode': 'none', 'dim': 256, 'weights': [1, 1, 0, 0, 0, 0, 0, 0, 0, 0]}"
"2025-09-29 15:49:20,968",222,528,fastrp,global_attention,0.6531,256,none,"[1,1,0,0,0,0,0,0,0,0]","{'attr_mode': 'none', 'dim': 256, 'weights': [1, 1, 0, 0, 0, 0, 0, 0, 0, 0]}"
"2025-09-29 15:49:41,291",223,528,fastrp,set2set,0.5525,256,none,"[1,1,0,0,0,0,0,0,0,0]","{'attr_mode': 'none', 'dim': 256, 'weights': [1, 1, 0, 0, 0, 0, 0, 0, 0, 0]}"
"2025-09-29 15:50:01,210",224,528,fastrp,mil_attention,0.5959,256,none,"[1,1,0,0,0,0,0,0,0,0]","{'attr_mode': 'none', 'dim': 256, 'weights': [1, 1, 0, 0, 0, 0, 0, 0, 0, 0]}"
"2025-09-29 15:50:22,461",225,528,fastrp,mean_pool,0.6179,256,none,"[1,0,0,0,0,0,0,0,0,0]","{'attr_mode': 'none', 'dim': 256, 'weights': [1, 0, 0, 0, 0, 0, 0, 0, 0, 0]}"
"2025-09-29 15:50:42,576",226,528,fastrp,global_attention,0.64,256,none,"[1,0,0,0,0,0,0,0,0,0]","{'attr_mode': 'none', 'dim': 256, 'weights': [1, 0, 0, 0, 0, 0, 0, 0, 0, 0]}"
"2025-09-29 15:51:03,177",227,528,fastrp,set2set,0.4576,256,none,"[1,0,0,0,0,0,0,0,0,0]","{'attr_mode': 'none', 'dim': 256, 'weights': [1, 0, 0, 0, 0, 0, 0, 0, 0, 0]}"
"2025-09-29 15:51:23,260",228,528,fastrp,mil_attention,0.5948,256,none,"[1,0,0,0,0,0,0,0,0,0]","{'attr_mode': 'none', 'dim': 256, 'weights': [1, 0, 0, 0, 0, 0, 0, 0, 0, 0]}"
"2025-09-29 15:51:44,107",229,528,fastrp,mean_pool,0.6122,256,none,"[0,1,1,1,1,1,1,1,1,1]","{'attr_mode': 'none', 'dim': 256, 'weights': [0, 1, 1, 1, 1, 1, 1, 1, 1, 1]}"
"2025-09-29 15:52:04,123",230,528,fastrp,global_attention,0.5951,256,none,"[0,1,1,1,1,1,1,1,1,1]","{'attr_mode': 'none', 'dim': 256, 'weights': [0, 1, 1, 1, 1, 1, 1, 1, 1, 1]}"
"2025-09-29 15:52:24,861",231,528,fastrp,set2set,0.562,256,none,"[0,1,1,1,1,1,1,1,1,1]","{'attr_mode': 'none', 'dim': 256, 'weights': [0, 1, 1, 1, 1, 1, 1, 1, 1, 1]}"
"2025-09-29 15:52:45,437",232,528,fastrp,mil_attention,0.6074,256,none,"[0,1,1,1,1,1,1,1,1,1]","{'attr_mode': 'none', 'dim': 256, 'weights': [0, 1, 1, 1, 1, 1, 1, 1, 1, 1]}"
"2025-09-29 15:53:06,550",233,528,fastrp,mean_pool,0.6119,256,none,"[0,0,1,1,1,1,1,1,1,1]","{'attr_mode': 'none', 'dim': 256, 'weights': [0, 0, 1, 1, 1, 1, 1, 1, 1, 1]}"
"2025-09-29 15:53:26,559",234,528,fastrp,global_attention,0.5817,256,none,"[0,0,1,1,1,1,1,1,1,1]","{'attr_mode': 'none', 'dim': 256, 'weights': [0, 0, 1, 1, 1, 1, 1, 1, 1, 1]}"
"2025-09-29 15:53:47,157",235,528,fastrp,set2set,0.5499,256,none,"[0,0,1,1,1,1,1,1,1,1]","{'attr_mode': 'none', 'dim': 256, 'weights': [0, 0, 1, 1, 1, 1, 1, 1, 1, 1]}"
"2025-09-29 15:54:07,445",236,528,fastrp,mil_attention,0.6175,256,none,"[0,0,1,1,1,1,1,1,1,1]","{'attr_mode': 'none', 'dim': 256, 'weights': [0, 0, 1, 1, 1, 1, 1, 1, 1, 1]}"
"2025-09-29 15:54:28,692",237,528,fastrp,mean_pool,0.612,256,none,"[0,0,0,1,1,1,1,1,1,1]","{'attr_mode': 'none', 'dim': 256, 'weights': [0, 0, 0, 1, 1, 1, 1, 1, 1, 1]}"
"2025-09-29 15:54:48,660",238,528,fastrp,global_attention,0.5901,256,none,"[0,0,0,1,1,1,1,1,1,1]","{'attr_mode': 'none', 'dim': 256, 'weights': [0, 0, 0, 1, 1, 1, 1, 1, 1, 1]}"
"2025-09-29 15:55:09,032",239,528,fastrp,set2set,0.5973,256,none,"[0,0,0,1,1,1,1,1,1,1]","{'attr_mode': 'none', 'dim': 256, 'weights': [0, 0, 0, 1, 1, 1, 1, 1, 1, 1]}"
"2025-09-29 15:55:29,602",240,528,fastrp,mil_attention,0.5727,256,none,"[0,0,0,1,1,1,1,1,1,1]","{'attr_mode': 'none', 'dim': 256, 'weights': [0, 0, 0, 1, 1, 1, 1, 1, 1, 1]}"
"2025-09-29 15:55:50,371",241,528,fastrp,mean_pool,0.6097,256,none,"[0,0,0,0,1,1,1,1,1,1]","{'attr_mode': 'none', 'dim': 256, 'weights': [0, 0, 0, 0, 1, 1, 1, 1, 1, 1]}"
"2025-09-29 15:56:11,303",242,528,fastrp,global_attention,0.6073,256,none,"[0,0,0,0,1,1,1,1,1,1]","{'attr_mode': 'none', 'dim': 256, 'weights': [0, 0, 0, 0, 1, 1, 1, 1, 1, 1]}"
"2025-09-29 15:56:31,428",243,528,fastrp,set2set,0.6483,256,none,"[0,0,0,0,1,1,1,1,1,1]","{'attr_mode': 'none', 'dim': 256, 'weights': [0, 0, 0, 0, 1, 1, 1, 1, 1, 1]}"
"2025-09-29 15:56:51,481",244,528,fastrp,mil_attention,0.6275,256,none,"[0,0,0,0,1,1,1,1,1,1]","{'attr_mode': 'none', 'dim': 256, 'weights': [0, 0, 0, 0, 1, 1, 1, 1, 1, 1]}"
"2025-09-29 15:57:12,243",245,528,fastrp,mean_pool,0.6099,256,none,"[0,0,0,0,0,1,1,1,1,1]","{'attr_mode': 'none', 'dim': 256, 'weights': [0, 0, 0, 0, 0, 1, 1, 1, 1, 1]}"
"2025-09-29 15:57:32,767",246,528,fastrp,global_attention,0.6008,256,none,"[0,0,0,0,0,1,1,1,1,1]","{'attr_mode': 'none', 'dim': 256, 'weights': [0, 0, 0, 0, 0, 1, 1, 1, 1, 1]}"
"2025-09-29 15:57:53,389",247,528,fastrp,set2set,0.5708,256,none,"[0,0,0,0,0,1,1,1,1,1]","{'attr_mode': 'none', 'dim': 256, 'weights': [0, 0, 0, 0, 0, 1, 1, 1, 1, 1]}"
"2025-09-29 15:58:13,475",248,528,fastrp,mil_attention,0.6099,256,none,"[0,0,0,0,0,1,1,1,1,1]","{'attr_mode': 'none', 'dim': 256, 'weights': [0, 0, 0, 0, 0, 1, 1, 1, 1, 1]}"
"2025-09-29 15:58:34,224",249,528,fastrp,mean_pool,0.6095,256,none,"[0,0,0,0,0,0,1,1,1,1]","{'attr_mode': 'none', 'dim': 256, 'weights': [0, 0, 0, 0, 0, 0, 1, 1, 1, 1]}"
"2025-09-29 15:58:54,828",250,528,fastrp,global_attention,0.6026,256,none,"[0,0,0,0,0,0,1,1,1,1]","{'attr_mode': 'none', 'dim': 256, 'weights': [0, 0, 0, 0, 0, 0, 1, 1, 1, 1]}"
"2025-09-29 15:59:14,979",251,528,fastrp,set2set,0.532,256,none,"[0,0,0,0,0,0,1,1,1,1]","{'attr_mode': 'none', 'dim': 256, 'weights': [0, 0, 0, 0, 0, 0, 1, 1, 1, 1]}"
"2025-09-29 15:59:35,548",252,528,fastrp,mil_attention,0.6195,256,none,"[0,0,0,0,0,0,1,1,1,1]","{'attr_mode': 'none', 'dim': 256, 'weights': [0, 0, 0, 0, 0, 0, 1, 1, 1, 1]}"
"2025-09-29 15:59:56,635",253,528,fastrp,mean_pool,0.6092,256,none,"[0,0,0,0,0,0,0,1,1,1]","{'attr_mode': 'none', 'dim': 256, 'weights': [0, 0, 0, 0, 0, 0, 0, 1, 1, 1]}"
"2025-09-29 16:00:16,679",254,528,fastrp,global_attention,0.5892,256,none,"[0,0,0,0,0,0,0,1,1,1]","{'attr_mode': 'none', 'dim': 256, 'weights': [0, 0, 0, 0, 0, 0, 0, 1, 1, 1]}"
"2025-09-29 16:00:37,249",255,528,fastrp,set2set,0.5042,256,none,"[0,0,0,0,0,0,0,1,1,1]","{'attr_mode': 'none', 'dim': 256, 'weights': [0, 0, 0, 0, 0, 0, 0, 1, 1, 1]}"
"2025-09-29 16:00:57,556",256,528,fastrp,mil_attention,0.63,256,none,"[0,0,0,0,0,0,0,1,1,1]","{'attr_mode': 'none', 'dim': 256, 'weights': [0, 0, 0, 0, 0, 0, 0, 1, 1, 1]}"
"2025-09-29 16:01:19,025",257,528,fastrp,mean_pool,0.6099,256,none,"[0,0,0,0,0,0,0,0,1,1]","{'attr_mode': 'none', 'dim': 256, 'weights': [0, 0, 0, 0, 0, 0, 0, 0, 1, 1]}"
"2025-09-29 16:01:39,179",258,528,fastrp,global_attention,0.6066,256,none,"[0,0,0,0,0,0,0,0,1,1]","{'attr_mode': 'none', 'dim': 256, 'weights': [0, 0, 0, 0, 0, 0, 0, 0, 1, 1]}"
"2025-09-29 16:01:59,691",259,528,fastrp,set2set,0.5437,256,none,"[0,0,0,0,0,0,0,0,1,1]","{'attr_mode': 'none', 'dim': 256, 'weights': [0, 0, 0, 0, 0, 0, 0, 0, 1, 1]}"
"2025-09-29 16:02:19,771",260,528,fastrp,mil_attention,0.5774,256,none,"[0,0,0,0,0,0,0,0,1,1]","{'attr_mode': 'none', 'dim': 256, 'weights': [0, 0, 0, 0, 0, 0, 0, 0, 1, 1]}"
"2025-09-29 16:02:41,210",261,528,fastrp,mean_pool,0.6097,256,none,"[0,0,0,0,0,0,0,0,0,1]","{'attr_mode': 'none', 'dim': 256, 'weights': [0, 0, 0, 0, 0, 0, 0, 0, 0, 1]}"
"2025-09-29 16:03:01,889",262,528,fastrp,global_attention,0.5994,256,none,"[0,0,0,0,0,0,0,0,0,1]","{'attr_mode': 'none', 'dim': 256, 'weights': [0, 0, 0, 0, 0, 0, 0, 0, 0, 1]}"
"2025-09-29 16:03:22,136",263,528,fastrp,set2set,0.5805,256,none,"[0,0,0,0,0,0,0,0,0,1]","{'attr_mode': 'none', 'dim': 256, 'weights': [0, 0, 0, 0, 0, 0, 0, 0, 0, 1]}"
"2025-09-29 16:03:42,250",264,528,fastrp,mil_attention,0.5983,256,none,"[0,0,0,0,0,0,0,0,0,1]","{'attr_mode': 'none', 'dim': 256, 'weights': [0, 0, 0, 0, 0, 0, 0, 0, 0, 1]}"
"2025-09-29 16:04:10,632",269,528,fastrp,mean_pool,0.4766,64,concat,"[1,1,1,1,1,1,1,1,1,1]","{'attr_mode': 'concat', 'dim': 64, 'weights': [1, 1, 1, 1, 1, 1, 1, 1, 1, 1]}"
"2025-09-29 16:04:19,585",270,528,fastrp,global_attention,0.4849,64,concat,"[1,1,1,1,1,1,1,1,1,1]","{'attr_mode': 'concat', 'dim': 64, 'weights': [1, 1, 1, 1, 1, 1, 1, 1, 1, 1]}"
"2025-09-29 16:04:28,080",271,528,fastrp,set2set,0.4684,64,concat,"[1,1,1,1,1,1,1,1,1,1]","{'attr_mode': 'concat', 'dim': 64, 'weights': [1, 1, 1, 1, 1, 1, 1, 1, 1, 1]}"
"2025-09-29 16:04:37,165",272,528,fastrp,mil_attention,0.4746,64,concat,"[1,1,1,1,1,1,1,1,1,1]","{'attr_mode': 'concat', 'dim': 64, 'weights': [1, 1, 1, 1, 1, 1, 1, 1, 1, 1]}"
"2025-09-29 16:04:46,420",273,528,fastrp,mean_pool,0.4761,64,concat,"[1,2,4,8,16,16,8,4,2,1]","{'attr_mode': 'concat', 'dim': 64, 'weights': [1, 2, 4, 8, 16, 16, 8, 4, 2, 1]}"
"2025-09-29 16:04:54,813",274,528,fastrp,global_attention,0.4921,64,concat,"[1,2,4,8,16,16,8,4,2,1]","{'attr_mode': 'concat', 'dim': 64, 'weights': [1, 2, 4, 8, 16, 16, 8, 4, 2, 1]}"
"2025-09-29 16:05:03,788",275,528,fastrp,set2set,0.4545,64,concat,"[1,2,4,8,16,16,8,4,2,1]","{'attr_mode': 'concat', 'dim': 64, 'weights': [1, 2, 4, 8, 16, 16, 8, 4, 2, 1]}"
"2025-09-29 16:05:12,219",276,528,fastrp,mil_attention,0.4593,64,concat,"[1,2,4,8,16,16,8,4,2,1]","{'attr_mode': 'concat', 'dim': 64, 'weights': [1, 2, 4, 8, 16, 16, 8, 4, 2, 1]}"
"2025-09-29 16:05:22,014",277,528,fastrp,mean_pool,0.4766,64,concat,"[1,2,4,8,16,32,64,128,256,512]","{'attr_mode': 'concat', 'dim': 64, 'weights': [1, 2, 4, 8, 16, 32, 64, 128, 256, 512]}"
"2025-09-29 16:05:30,528",278,528,fastrp,global_attention,0.4841,64,concat,"[1,2,4,8,16,32,64,128,256,512]","{'attr_mode': 'concat', 'dim': 64, 'weights': [1, 2, 4, 8, 16, 32, 64, 128, 256, 512]}"
"2025-09-29 16:05:39,022",279,528,fastrp,set2set,0.4848,64,concat,"[1,2,4,8,16,32,64,128,256,512]","{'attr_mode': 'concat', 'dim': 64, 'weights': [1, 2, 4, 8, 16, 32, 64, 128, 256, 512]}"
"2025-09-29 16:05:47,955",280,528,fastrp,mil_attention,0.4747,64,concat,"[1,2,4,8,16,32,64,128,256,512]","{'attr_mode': 'concat', 'dim': 64, 'weights': [1, 2, 4, 8, 16, 32, 64, 128, 256, 512]}"
"2025-09-29 16:05:57,189",281,528,fastrp,mean_pool,0.4758,64,concat,"[1,1,1,1,1,1,1,1,1,0]","{'attr_mode': 'concat', 'dim': 64, 'weights': [1, 1, 1, 1, 1, 1, 1, 1, 1, 0]}"
"2025-09-29 16:06:05,560",282,528,fastrp,global_attention,0.4897,64,concat,"[1,1,1,1,1,1,1,1,1,0]","{'attr_mode': 'concat', 'dim': 64, 'weights': [1, 1, 1, 1, 1, 1, 1, 1, 1, 0]}"
"2025-09-29 16:06:14,566",283,528,fastrp,set2set,0.5065,64,concat,"[1,1,1,1,1,1,1,1,1,0]","{'attr_mode': 'concat', 'dim': 64, 'weights': [1, 1, 1, 1, 1, 1, 1, 1, 1, 0]}"
"2025-09-29 16:06:23,535",284,528,fastrp,mil_attention,0.483,64,concat,"[1,1,1,1,1,1,1,1,1,0]","{'attr_mode': 'concat', 'dim': 64, 'weights': [1, 1, 1, 1, 1, 1, 1, 1, 1, 0]}"
"2025-09-29 16:06:32,881",285,528,fastrp,mean_pool,0.4762,64,concat,"[1,1,1,1,1,1,1,1,0,0]","{'attr_mode': 'concat', 'dim': 64, 'weights': [1, 1, 1, 1, 1, 1, 1, 1, 0, 0]}"
"2025-09-29 16:06:41,370",286,528,fastrp,global_attention,0.4723,64,concat,"[1,1,1,1,1,1,1,1,0,0]","{'attr_mode': 'concat', 'dim': 64, 'weights': [1, 1, 1, 1, 1, 1, 1, 1, 0, 0]}"
"2025-09-29 16:06:50,351",287,528,fastrp,set2set,0.4241,64,concat,"[1,1,1,1,1,1,1,1,0,0]","{'attr_mode': 'concat', 'dim': 64, 'weights': [1, 1, 1, 1, 1, 1, 1, 1, 0, 0]}"
"2025-09-29 16:06:58,783",288,528,fastrp,mil_attention,0.5098,64,concat,"[1,1,1,1,1,1,1,1,0,0]","{'attr_mode': 'concat', 'dim': 64, 'weights': [1, 1, 1, 1, 1, 1, 1, 1, 0, 0]}"
"2025-09-29 16:07:08,178",289,528,fastrp,mean_pool,0.4768,64,concat,"[1,1,1,1,1,1,1,0,0,0]","{'attr_mode': 'concat', 'dim': 64, 'weights': [1, 1, 1, 1, 1, 1, 1, 0, 0, 0]}"
"2025-09-29 16:07:17,142",290,528,fastrp,global_attention,0.4676,64,concat,"[1,1,1,1,1,1,1,0,0,0]","{'attr_mode': 'concat', 'dim': 64, 'weights': [1, 1, 1, 1, 1, 1, 1, 0, 0, 0]}"
"2025-09-29 16:07:25,665",291,528,fastrp,set2set,0.4544,64,concat,"[1,1,1,1,1,1,1,0,0,0]","{'attr_mode': 'concat', 'dim': 64, 'weights': [1, 1, 1, 1, 1, 1, 1, 0, 0, 0]}"
"2025-09-29 16:07:34,193",292,528,fastrp,mil_attention,0.4595,64,concat,"[1,1,1,1,1,1,1,0,0,0]","{'attr_mode': 'concat', 'dim': 64, 'weights': [1, 1, 1, 1, 1, 1, 1, 0, 0, 0]}"
"2025-09-29 16:07:44,423",293,528,fastrp,mean_pool,0.4758,64,concat,"[1,1,1,1,1,1,0,0,0,0]","{'attr_mode': 'concat', 'dim': 64, 'weights': [1, 1, 1, 1, 1, 1, 0, 0, 0, 0]}"
"2025-09-29 16:07:52,862",294,528,fastrp,global_attention,0.4677,64,concat,"[1,1,1,1,1,1,0,0,0,0]","{'attr_mode': 'concat', 'dim': 64, 'weights': [1, 1, 1, 1, 1, 1, 0, 0, 0, 0]}"
"2025-09-29 16:08:01,285",295,528,fastrp,set2set,0.4493,64,concat,"[1,1,1,1,1,1,0,0,0,0]","{'attr_mode': 'concat', 'dim': 64, 'weights': [1, 1, 1, 1, 1, 1, 0, 0, 0, 0]}"
"2025-09-29 16:08:10,246",296,528,fastrp,mil_attention,0.454,64,concat,"[1,1,1,1,1,1,0,0,0,0]","{'attr_mode': 'concat', 'dim': 64, 'weights': [1, 1, 1, 1, 1, 1, 0, 0, 0, 0]}"
"2025-09-29 16:08:20,052",297,528,fastrp,mean_pool,0.4749,64,concat,"[1,1,1,1,1,0,0,0,0,0]","{'attr_mode': 'concat', 'dim': 64, 'weights': [1, 1, 1, 1, 1, 0, 0, 0, 0, 0]}"
"2025-09-29 16:08:28,561",298,528,fastrp,global_attention,0.4969,64,concat,"[1,1,1,1,1,0,0,0,0,0]","{'attr_mode': 'concat', 'dim': 64, 'weights': [1, 1, 1, 1, 1, 0, 0, 0, 0, 0]}"
"2025-09-29 16:08:37,069",299,528,fastrp,set2set,0.4929,64,concat,"[1,1,1,1,1,0,0,0,0,0]","{'attr_mode': 'concat', 'dim': 64, 'weights': [1, 1, 1, 1, 1, 0, 0, 0, 0, 0]}"
"2025-09-29 16:08:46,013",300,528,fastrp,mil_attention,0.4651,64,concat,"[1,1,1,1,1,0,0,0,0,0]","{'attr_mode': 'concat', 'dim': 64, 'weights': [1, 1, 1, 1, 1, 0, 0, 0, 0, 0]}"
"2025-09-29 16:08:55,274",301,528,fastrp,mean_pool,0.4737,64,concat,"[1,1,1,1,0,0,0,0,0,0]","{'attr_mode': 'concat', 'dim': 64, 'weights': [1, 1, 1, 1, 0, 0, 0, 0, 0, 0]}"
"2025-09-29 16:09:03,824",302,528,fastrp,global_attention,0.4589,64,concat,"[1,1,1,1,0,0,0,0,0,0]","{'attr_mode': 'concat', 'dim': 64, 'weights': [1, 1, 1, 1, 0, 0, 0, 0, 0, 0]}"
"2025-09-29 16:09:12,851",303,528,fastrp,set2set,0.4705,64,concat,"[1,1,1,1,0,0,0,0,0,0]","{'attr_mode': 'concat', 'dim': 64, 'weights': [1, 1, 1, 1, 0, 0, 0, 0, 0, 0]}"
"2025-09-29 16:09:21,281",304,528,fastrp,mil_attention,0.4823,64,concat,"[1,1,1,1,0,0,0,0,0,0]","{'attr_mode': 'concat', 'dim': 64, 'weights': [1, 1, 1, 1, 0, 0, 0, 0, 0, 0]}"
"2025-09-29 16:09:30,543",305,528,fastrp,mean_pool,0.4744,64,concat,"[1,1,1,0,0,0,0,0,0,0]","{'attr_mode': 'concat', 'dim': 64, 'weights': [1, 1, 1, 0, 0, 0, 0, 0, 0, 0]}"
"2025-09-29 16:09:39,525",306,528,fastrp,global_attention,0.4385,64,concat,"[1,1,1,0,0,0,0,0,0,0]","{'attr_mode': 'concat', 'dim': 64, 'weights': [1, 1, 1, 0, 0, 0, 0, 0, 0, 0]}"
"2025-09-29 16:09:48,085",307,528,fastrp,set2set,0.4684,64,concat,"[1,1,1,0,0,0,0,0,0,0]","{'attr_mode': 'concat', 'dim': 64, 'weights': [1, 1, 1, 0, 0, 0, 0, 0, 0, 0]}"
"2025-09-29 16:09:56,526",308,528,fastrp,mil_attention,0.4532,64,concat,"[1,1,1,0,0,0,0,0,0,0]","{'attr_mode': 'concat', 'dim': 64, 'weights': [1, 1, 1, 0, 0, 0, 0, 0, 0, 0]}"
"2025-09-29 16:10:06,274",309,528,fastrp,mean_pool,0.4739,64,concat,"[1,1,0,0,0,0,0,0,0,0]","{'attr_mode': 'concat', 'dim': 64, 'weights': [1, 1, 0, 0, 0, 0, 0, 0, 0, 0]}"
"2025-09-29 16:10:15,319",310,528,fastrp,global_attention,0.5052,64,concat,"[1,1,0,0,0,0,0,0,0,0]","{'attr_mode': 'concat', 'dim': 64, 'weights': [1, 1, 0, 0, 0, 0, 0, 0, 0, 0]}"
"2025-09-29 16:10:23,902",311,528,fastrp,set2set,0.5517,64,concat,"[1,1,0,0,0,0,0,0,0,0]","{'attr_mode': 'concat', 'dim': 64, 'weights': [1, 1, 0, 0, 0, 0, 0, 0, 0, 0]}"
"2025-09-29 16:10:32,297",312,528,fastrp,mil_attention,0.4632,64,concat,"[1,1,0,0,0,0,0,0,0,0]","{'attr_mode': 'concat', 'dim': 64, 'weights': [1, 1, 0, 0, 0, 0, 0, 0, 0, 0]}"
"2025-09-29 16:10:42,081",313,528,fastrp,mean_pool,0.4793,64,concat,"[1,0,0,0,0,0,0,0,0,0]","{'attr_mode': 'concat', 'dim': 64, 'weights': [1, 0, 0, 0, 0, 0, 0, 0, 0, 0]}"
"2025-09-29 16:10:50,592",314,528,fastrp,global_attention,0.5074,64,concat,"[1,0,0,0,0,0,0,0,0,0]","{'attr_mode': 'concat', 'dim': 64, 'weights': [1, 0, 0, 0, 0, 0, 0, 0, 0, 0]}"
"2025-09-29 16:10:59,102",315,528,fastrp,set2set,0.4619,64,concat,"[1,0,0,0,0,0,0,0,0,0]","{'attr_mode': 'concat', 'dim': 64, 'weights': [1, 0, 0, 0, 0, 0, 0, 0, 0, 0]}"
"2025-09-29 16:11:08,047",316,528,fastrp,mil_attention,0.4624,64,concat,"[1,0,0,0,0,0,0,0,0,0]","{'attr_mode': 'concat', 'dim': 64, 'weights': [1, 0, 0, 0, 0, 0, 0, 0, 0, 0]}"
"2025-09-29 16:11:17,380",317,528,fastrp,mean_pool,0.4753,64,concat,"[0,1,1,1,1,1,1,1,1,1]","{'attr_mode': 'concat', 'dim': 64, 'weights': [0, 1, 1, 1, 1, 1, 1, 1, 1, 1]}"
"2025-09-29 16:11:25,985",318,528,fastrp,global_attention,0.4644,64,concat,"[0,1,1,1,1,1,1,1,1,1]","{'attr_mode': 'concat', 'dim': 64, 'weights': [0, 1, 1, 1, 1, 1, 1, 1, 1, 1]}"
"2025-09-29 16:11:34,953",319,528,fastrp,set2set,0.4387,64,concat,"[0,1,1,1,1,1,1,1,1,1]","{'attr_mode': 'concat', 'dim': 64, 'weights': [0, 1, 1, 1, 1, 1, 1, 1, 1, 1]}"
"2025-09-29 16:11:43,410",320,528,fastrp,mil_attention,0.4788,64,concat,"[0,1,1,1,1,1,1,1,1,1]","{'attr_mode': 'concat', 'dim': 64, 'weights': [0, 1, 1, 1, 1, 1, 1, 1, 1, 1]}"
"2025-09-29 16:11:52,667",321,528,fastrp,mean_pool,0.4762,64,concat,"[0,0,1,1,1,1,1,1,1,1]","{'attr_mode': 'concat', 'dim': 64, 'weights': [0, 0, 1, 1, 1, 1, 1, 1, 1, 1]}"
"2025-09-29 16:12:01,698",322,528,fastrp,global_attention,0.4898,64,concat,"[0,0,1,1,1,1,1,1,1,1]","{'attr_mode': 'concat', 'dim': 64, 'weights': [0, 0, 1, 1, 1, 1, 1, 1, 1, 1]}"
"2025-09-29 16:12:10,678",323,528,fastrp,set2set,0.5029,64,concat,"[0,0,1,1,1,1,1,1,1,1]","{'attr_mode': 'concat', 'dim': 64, 'weights': [0, 0, 1, 1, 1, 1, 1, 1, 1, 1]}"
"2025-09-29 16:12:19,152",324,528,fastrp,mil_attention,0.4696,64,concat,"[0,0,1,1,1,1,1,1,1,1]","{'attr_mode': 'concat', 'dim': 64, 'weights': [0, 0, 1, 1, 1, 1, 1, 1, 1, 1]}"
"2025-09-29 16:12:28,469",325,528,fastrp,mean_pool,0.4758,64,concat,"[0,0,0,1,1,1,1,1,1,1]","{'attr_mode': 'concat', 'dim': 64, 'weights': [0, 0, 0, 1, 1, 1, 1, 1, 1, 1]}"
"2025-09-29 16:12:37,480",326,528,fastrp,global_attention,0.4703,64,concat,"[0,0,0,1,1,1,1,1,1,1]","{'attr_mode': 'concat', 'dim': 64, 'weights': [0, 0, 0, 1, 1, 1, 1, 1, 1, 1]}"
"2025-09-29 16:12:45,911",327,528,fastrp,set2set,0.516,64,concat,"[0,0,0,1,1,1,1,1,1,1]","{'attr_mode': 'concat', 'dim': 64, 'weights': [0, 0, 0, 1, 1, 1, 1, 1, 1, 1]}"
"2025-09-29 16:12:54,282",328,528,fastrp,mil_attention,0.4664,64,concat,"[0,0,0,1,1,1,1,1,1,1]","{'attr_mode': 'concat', 'dim': 64, 'weights': [0, 0, 0, 1, 1, 1, 1, 1, 1, 1]}"
"2025-09-29 16:13:04,096",329,528,fastrp,mean_pool,0.4761,64,concat,"[0,0,0,0,1,1,1,1,1,1]","{'attr_mode': 'concat', 'dim': 64, 'weights': [0, 0, 0, 0, 1, 1, 1, 1, 1, 1]}"
"2025-09-29 16:13:12,550",330,528,fastrp,global_attention,0.4858,64,concat,"[0,0,0,0,1,1,1,1,1,1]","{'attr_mode': 'concat', 'dim': 64, 'weights': [0, 0, 0, 0, 1, 1, 1, 1, 1, 1]}"
"2025-09-29 16:13:21,078",331,528,fastrp,set2set,0.4425,64,concat,"[0,0,0,0,1,1,1,1,1,1]","{'attr_mode': 'concat', 'dim': 64, 'weights': [0, 0, 0, 0, 1, 1, 1, 1, 1, 1]}"
"2025-09-29 16:13:30,063",332,528,fastrp,mil_attention,0.4716,64,concat,"[0,0,0,0,1,1,1,1,1,1]","{'attr_mode': 'concat', 'dim': 64, 'weights': [0, 0, 0, 0, 1, 1, 1, 1, 1, 1]}"
"2025-09-29 16:13:39,293",333,528,fastrp,mean_pool,0.477,64,concat,"[0,0,0,0,0,1,1,1,1,1]","{'attr_mode': 'concat', 'dim': 64, 'weights': [0, 0, 0, 0, 0, 1, 1, 1, 1, 1]}"
"2025-09-29 16:13:47,665",334,528,fastrp,global_attention,0.505,64,concat,"[0,0,0,0,0,1,1,1,1,1]","{'attr_mode': 'concat', 'dim': 64, 'weights': [0, 0, 0, 0, 0, 1, 1, 1, 1, 1]}"
"2025-09-29 16:13:57,204",335,528,fastrp,set2set,0.5201,64,concat,"[0,0,0,0,0,1,1,1,1,1]","{'attr_mode': 'concat', 'dim': 64, 'weights': [0, 0, 0, 0, 0, 1, 1, 1, 1, 1]}"
"2025-09-29 16:14:06,167",336,528,fastrp,mil_attention,0.4645,64,concat,"[0,0,0,0,0,1,1,1,1,1]","{'attr_mode': 'concat', 'dim': 64, 'weights': [0, 0, 0, 0, 0, 1, 1, 1, 1, 1]}"
"2025-09-29 16:14:15,437",337,528,fastrp,mean_pool,0.477,64,concat,"[0,0,0,0,0,0,1,1,1,1]","{'attr_mode': 'concat', 'dim': 64, 'weights': [0, 0, 0, 0, 0, 0, 1, 1, 1, 1]}"
"2025-09-29 16:14:23,932",338,528,fastrp,global_attention,0.4792,64,concat,"[0,0,0,0,0,0,1,1,1,1]","{'attr_mode': 'concat', 'dim': 64, 'weights': [0, 0, 0, 0, 0, 0, 1, 1, 1, 1]}"
"2025-09-29 16:14:32,933",339,528,fastrp,set2set,0.5134,64,concat,"[0,0,0,0,0,0,1,1,1,1]","{'attr_mode': 'concat', 'dim': 64, 'weights': [0, 0, 0, 0, 0, 0, 1, 1, 1, 1]}"
"2025-09-29 16:14:41,339",340,528,fastrp,mil_attention,0.4866,64,concat,"[0,0,0,0,0,0,1,1,1,1]","{'attr_mode': 'concat', 'dim': 64, 'weights': [0, 0, 0, 0, 0, 0, 1, 1, 1, 1]}"
"2025-09-29 16:14:50,516",341,528,fastrp,mean_pool,0.4763,64,concat,"[0,0,0,0,0,0,0,1,1,1]","{'attr_mode': 'concat', 'dim': 64, 'weights': [0, 0, 0, 0, 0, 0, 0, 1, 1, 1]}"
"2025-09-29 16:14:59,485",342,528,fastrp,global_attention,0.4728,64,concat,"[0,0,0,0,0,0,0,1,1,1]","{'attr_mode': 'concat', 'dim': 64, 'weights': [0, 0, 0, 0, 0, 0, 0, 1, 1, 1]}"
"2025-09-29 16:15:07,992",343,528,fastrp,set2set,0.4518,64,concat,"[0,0,0,0,0,0,0,1,1,1]","{'attr_mode': 'concat', 'dim': 64, 'weights': [0, 0, 0, 0, 0, 0, 0, 1, 1, 1]}"
"2025-09-29 16:15:16,485",344,528,fastrp,mil_attention,0.444,64,concat,"[0,0,0,0,0,0,0,1,1,1]","{'attr_mode': 'concat', 'dim': 64, 'weights': [0, 0, 0, 0, 0, 0, 0, 1, 1, 1]}"
"2025-09-29 16:15:26,247",345,528,fastrp,mean_pool,0.4767,64,concat,"[0,0,0,0,0,0,0,0,1,1]","{'attr_mode': 'concat', 'dim': 64, 'weights': [0, 0, 0, 0, 0, 0, 0, 0, 1, 1]}"
"2025-09-29 16:15:34,659",346,528,fastrp,global_attention,0.4442,64,concat,"[0,0,0,0,0,0,0,0,1,1]","{'attr_mode': 'concat', 'dim': 64, 'weights': [0, 0, 0, 0, 0, 0, 0, 0, 1, 1]}"
"2025-09-29 16:15:43,122",347,528,fastrp,set2set,0.4766,64,concat,"[0,0,0,0,0,0,0,0,1,1]","{'attr_mode': 'concat', 'dim': 64, 'weights': [0, 0, 0, 0, 0, 0, 0, 0, 1, 1]}"
"2025-09-29 16:15:52,213",348,528,fastrp,mil_attention,0.4868,64,concat,"[0,0,0,0,0,0,0,0,1,1]","{'attr_mode': 'concat', 'dim': 64, 'weights': [0, 0, 0, 0, 0, 0, 0, 0, 1, 1]}"
"2025-09-29 16:16:01,938",349,528,fastrp,mean_pool,0.4769,64,concat,"[0,0,0,0,0,0,0,0,0,1]","{'attr_mode': 'concat', 'dim': 64, 'weights': [0, 0, 0, 0, 0, 0, 0, 0, 0, 1]}"
"2025-09-29 16:16:10,403",350,528,fastrp,global_attention,0.4608,64,concat,"[0,0,0,0,0,0,0,0,0,1]","{'attr_mode': 'concat', 'dim': 64, 'weights': [0, 0, 0, 0, 0, 0, 0, 0, 0, 1]}"
"2025-09-29 16:16:18,920",351,528,fastrp,set2set,0.4335,64,concat,"[0,0,0,0,0,0,0,0,0,1]","{'attr_mode': 'concat', 'dim': 64, 'weights': [0, 0, 0, 0, 0, 0, 0, 0, 0, 1]}"
"2025-09-29 16:16:27,955",352,528,fastrp,mil_attention,0.5019,64,concat,"[0,0,0,0,0,0,0,0,0,1]","{'attr_mode': 'concat', 'dim': 64, 'weights': [0, 0, 0, 0, 0, 0, 0, 0, 0, 1]}"
"2025-09-29 16:17:02,552",357,528,fastrp,mean_pool,0.5204,128,concat,"[1,1,1,1,1,1,1,1,1,1]","{'attr_mode': 'concat', 'dim': 128, 'weights': [1, 1, 1, 1, 1, 1, 1, 1, 1, 1]}"
"2025-09-29 16:17:15,568",358,528,fastrp,global_attention,0.549,128,concat,"[1,1,1,1,1,1,1,1,1,1]","{'attr_mode': 'concat', 'dim': 128, 'weights': [1, 1, 1, 1, 1, 1, 1, 1, 1, 1]}"
"2025-09-29 16:17:28,136",359,528,fastrp,set2set,0.4983,128,concat,"[1,1,1,1,1,1,1,1,1,1]","{'attr_mode': 'concat', 'dim': 128, 'weights': [1, 1, 1, 1, 1, 1, 1, 1, 1, 1]}"
"2025-09-29 16:17:40,637",360,528,fastrp,mil_attention,0.5411,128,concat,"[1,1,1,1,1,1,1,1,1,1]","{'attr_mode': 'concat', 'dim': 128, 'weights': [1, 1, 1, 1, 1, 1, 1, 1, 1, 1]}"
"2025-09-29 16:17:54,547",361,528,fastrp,mean_pool,0.5198,128,concat,"[1,2,4,8,16,16,8,4,2,1]","{'attr_mode': 'concat', 'dim': 128, 'weights': [1, 2, 4, 8, 16, 16, 8, 4, 2, 1]}"
"2025-09-29 16:18:07,028",362,528,fastrp,global_attention,0.5444,128,concat,"[1,2,4,8,16,16,8,4,2,1]","{'attr_mode': 'concat', 'dim': 128, 'weights': [1, 2, 4, 8, 16, 16, 8, 4, 2, 1]}"
"2025-09-29 16:18:20,187",363,528,fastrp,set2set,0.5418,128,concat,"[1,2,4,8,16,16,8,4,2,1]","{'attr_mode': 'concat', 'dim': 128, 'weights': [1, 2, 4, 8, 16, 16, 8, 4, 2, 1]}"
"2025-09-29 16:18:33,144",364,528,fastrp,mil_attention,0.5342,128,concat,"[1,2,4,8,16,16,8,4,2,1]","{'attr_mode': 'concat', 'dim': 128, 'weights': [1, 2, 4, 8, 16, 16, 8, 4, 2, 1]}"
"2025-09-29 16:18:46,397",365,528,fastrp,mean_pool,0.5223,128,concat,"[1,2,4,8,16,32,64,128,256,512]","{'attr_mode': 'concat', 'dim': 128, 'weights': [1, 2, 4, 8, 16, 32, 64, 128, 256, 512]}"
"2025-09-29 16:18:58,880",366,528,fastrp,global_attention,0.5257,128,concat,"[1,2,4,8,16,32,64,128,256,512]","{'attr_mode': 'concat', 'dim': 128, 'weights': [1, 2, 4, 8, 16, 32, 64, 128, 256, 512]}"
"2025-09-29 16:19:11,433",367,528,fastrp,set2set,0.5566,128,concat,"[1,2,4,8,16,32,64,128,256,512]","{'attr_mode': 'concat', 'dim': 128, 'weights': [1, 2, 4, 8, 16, 32, 64, 128, 256, 512]}"
"2025-09-29 16:19:24,353",368,528,fastrp,mil_attention,0.5013,128,concat,"[1,2,4,8,16,32,64,128,256,512]","{'attr_mode': 'concat', 'dim': 128, 'weights': [1, 2, 4, 8, 16, 32, 64, 128, 256, 512]}"
"2025-09-29 16:19:38,209",369,528,fastrp,mean_pool,0.5204,128,concat,"[1,1,1,1,1,1,1,1,1,0]","{'attr_mode': 'concat', 'dim': 128, 'weights': [1, 1, 1, 1, 1, 1, 1, 1, 1, 0]}"
"2025-09-29 16:19:51,299",370,528,fastrp,global_attention,0.5055,128,concat,"[1,1,1,1,1,1,1,1,1,0]","{'attr_mode': 'concat', 'dim': 128, 'weights': [1, 1, 1, 1, 1, 1, 1, 1, 1, 0]}"
"2025-09-29 16:20:03,778",371,528,fastrp,set2set,0.5396,128,concat,"[1,1,1,1,1,1,1,1,1,0]","{'attr_mode': 'concat', 'dim': 128, 'weights': [1, 1, 1, 1, 1, 1, 1, 1, 1, 0]}"
"2025-09-29 16:20:16,235",372,528,fastrp,mil_attention,0.498,128,concat,"[1,1,1,1,1,1,1,1,1,0]","{'attr_mode': 'concat', 'dim': 128, 'weights': [1, 1, 1, 1, 1, 1, 1, 1, 1, 0]}"
"2025-09-29 16:20:30,033",373,528,fastrp,mean_pool,0.5212,128,concat,"[1,1,1,1,1,1,1,1,0,0]","{'attr_mode': 'concat', 'dim': 128, 'weights': [1, 1, 1, 1, 1, 1, 1, 1, 0, 0]}"
"2025-09-29 16:20:42,568",374,528,fastrp,global_attention,0.5365,128,concat,"[1,1,1,1,1,1,1,1,0,0]","{'attr_mode': 'concat', 'dim': 128, 'weights': [1, 1, 1, 1, 1, 1, 1, 1, 0, 0]}"
"2025-09-29 16:20:55,094",375,528,fastrp,set2set,0.4894,128,concat,"[1,1,1,1,1,1,1,1,0,0]","{'attr_mode': 'concat', 'dim': 128, 'weights': [1, 1, 1, 1, 1, 1, 1, 1, 0, 0]}"
"2025-09-29 16:21:07,510",376,528,fastrp,mil_attention,0.5851,128,concat,"[1,1,1,1,1,1,1,1,0,0]","{'attr_mode': 'concat', 'dim': 128, 'weights': [1, 1, 1, 1, 1, 1, 1, 1, 0, 0]}"
"2025-09-29 16:21:21,285",377,528,fastrp,mean_pool,0.5212,128,concat,"[1,1,1,1,1,1,1,0,0,0]","{'attr_mode': 'concat', 'dim': 128, 'weights': [1, 1, 1, 1, 1, 1, 1, 0, 0, 0]}"
"2025-09-29 16:21:34,306",378,528,fastrp,global_attention,0.5376,128,concat,"[1,1,1,1,1,1,1,0,0,0]","{'attr_mode': 'concat', 'dim': 128, 'weights': [1, 1, 1, 1, 1, 1, 1, 0, 0, 0]}"
"2025-09-29 16:21:46,888",379,528,fastrp,set2set,0.5383,128,concat,"[1,1,1,1,1,1,1,0,0,0]","{'attr_mode': 'concat', 'dim': 128, 'weights': [1, 1, 1, 1, 1, 1, 1, 0, 0, 0]}"
"2025-09-29 16:21:59,399",380,528,fastrp,mil_attention,0.517,128,concat,"[1,1,1,1,1,1,1,0,0,0]","{'attr_mode': 'concat', 'dim': 128, 'weights': [1, 1, 1, 1, 1, 1, 1, 0, 0, 0]}"
"2025-09-29 16:22:13,234",381,528,fastrp,mean_pool,0.521,128,concat,"[1,1,1,1,1,1,0,0,0,0]","{'attr_mode': 'concat', 'dim': 128, 'weights': [1, 1, 1, 1, 1, 1, 0, 0, 0, 0]}"
"2025-09-29 16:22:25,781",382,528,fastrp,global_attention,0.5187,128,concat,"[1,1,1,1,1,1,0,0,0,0]","{'attr_mode': 'concat', 'dim': 128, 'weights': [1, 1, 1, 1, 1, 1, 0, 0, 0, 0]}"
"2025-09-29 16:22:38,240",383,528,fastrp,set2set,0.5338,128,concat,"[1,1,1,1,1,1,0,0,0,0]","{'attr_mode': 'concat', 'dim': 128, 'weights': [1, 1, 1, 1, 1, 1, 0, 0, 0, 0]}"
"2025-09-29 16:22:51,258",384,528,fastrp,mil_attention,0.5251,128,concat,"[1,1,1,1,1,1,0,0,0,0]","{'attr_mode': 'concat', 'dim': 128, 'weights': [1, 1, 1, 1, 1, 1, 0, 0, 0, 0]}"
"2025-09-29 16:23:04,564",385,528,fastrp,mean_pool,0.5193,128,concat,"[1,1,1,1,1,0,0,0,0,0]","{'attr_mode': 'concat', 'dim': 128, 'weights': [1, 1, 1, 1, 1, 0, 0, 0, 0, 0]}"
"2025-09-29 16:23:17,098",386,528,fastrp,global_attention,0.5129,128,concat,"[1,1,1,1,1,0,0,0,0,0]","{'attr_mode': 'concat', 'dim': 128, 'weights': [1, 1, 1, 1, 1, 0, 0, 0, 0, 0]}"
"2025-09-29 16:23:30,370",387,528,fastrp,set2set,0.5304,128,concat,"[1,1,1,1,1,0,0,0,0,0]","{'attr_mode': 'concat', 'dim': 128, 'weights': [1, 1, 1, 1, 1, 0, 0, 0, 0, 0]}"
"2025-09-29 16:23:43,561",388,528,fastrp,mil_attention,0.5302,128,concat,"[1,1,1,1,1,0,0,0,0,0]","{'attr_mode': 'concat', 'dim': 128, 'weights': [1, 1, 1, 1, 1, 0, 0, 0, 0, 0]}"
"2025-09-29 16:23:57,013",389,528,fastrp,mean_pool,0.5197,128,concat,"[1,1,1,1,0,0,0,0,0,0]","{'attr_mode': 'concat', 'dim': 128, 'weights': [1, 1, 1, 1, 0, 0, 0, 0, 0, 0]}"
"2025-09-29 16:24:09,758",390,528,fastrp,global_attention,0.5,128,concat,"[1,1,1,1,0,0,0,0,0,0]","{'attr_mode': 'concat', 'dim': 128, 'weights': [1, 1, 1, 1, 0, 0, 0, 0, 0, 0]}"
"2025-09-29 16:24:23,054",391,528,fastrp,set2set,0.4839,128,concat,"[1,1,1,1,0,0,0,0,0,0]","{'attr_mode': 'concat', 'dim': 128, 'weights': [1, 1, 1, 1, 0, 0, 0, 0, 0, 0]}"
"2025-09-29 16:24:35,726",392,528,fastrp,mil_attention,0.5214,128,concat,"[1,1,1,1,0,0,0,0,0,0]","{'attr_mode': 'concat', 'dim': 128, 'weights': [1, 1, 1, 1, 0, 0, 0, 0, 0, 0]}"
"2025-09-29 16:24:49,155",393,528,fastrp,mean_pool,0.521,128,concat,"[1,1,1,0,0,0,0,0,0,0]","{'attr_mode': 'concat', 'dim': 128, 'weights': [1, 1, 1, 0, 0, 0, 0, 0, 0, 0]}"
"2025-09-29 16:25:01,854",394,528,fastrp,global_attention,0.5034,128,concat,"[1,1,1,0,0,0,0,0,0,0]","{'attr_mode': 'concat', 'dim': 128, 'weights': [1, 1, 1, 0, 0, 0, 0, 0, 0, 0]}"
"2025-09-29 16:25:15,122",395,528,fastrp,set2set,0.5398,128,concat,"[1,1,1,0,0,0,0,0,0,0]","{'attr_mode': 'concat', 'dim': 128, 'weights': [1, 1, 1, 0, 0, 0, 0, 0, 0, 0]}"
"2025-09-29 16:25:28,366",396,528,fastrp,mil_attention,0.4976,128,concat,"[1,1,1,0,0,0,0,0,0,0]","{'attr_mode': 'concat', 'dim': 128, 'weights': [1, 1, 1, 0, 0, 0, 0, 0, 0, 0]}"
"2025-09-29 16:25:41,845",397,528,fastrp,mean_pool,0.5213,128,concat,"[1,1,0,0,0,0,0,0,0,0]","{'attr_mode': 'concat', 'dim': 128, 'weights': [1, 1, 0, 0, 0, 0, 0, 0, 0, 0]}"
"2025-09-29 16:25:54,541",398,528,fastrp,global_attention,0.5385,128,concat,"[1,1,0,0,0,0,0,0,0,0]","{'attr_mode': 'concat', 'dim': 128, 'weights': [1, 1, 0, 0, 0, 0, 0, 0, 0, 0]}"
"2025-09-29 16:26:07,802",399,528,fastrp,set2set,0.4336,128,concat,"[1,1,0,0,0,0,0,0,0,0]","{'attr_mode': 'concat', 'dim': 128, 'weights': [1, 1, 0, 0, 0, 0, 0, 0, 0, 0]}"
"2025-09-29 16:26:20,339",400,528,fastrp,mil_attention,0.5409,128,concat,"[1,1,0,0,0,0,0,0,0,0]","{'attr_mode': 'concat', 'dim': 128, 'weights': [1, 1, 0, 0, 0, 0, 0, 0, 0, 0]}"
"2025-09-29 16:26:33,711",401,528,fastrp,mean_pool,0.5266,128,concat,"[1,0,0,0,0,0,0,0,0,0]","{'attr_mode': 'concat', 'dim': 128, 'weights': [1, 0, 0, 0, 0, 0, 0, 0, 0, 0]}"
"2025-09-29 16:26:46,958",402,528,fastrp,global_attention,0.5139,128,concat,"[1,0,0,0,0,0,0,0,0,0]","{'attr_mode': 'concat', 'dim': 128, 'weights': [1, 0, 0, 0, 0, 0, 0, 0, 0, 0]}"
"2025-09-29 16:26:59,707",403,528,fastrp,set2set,0.5838,128,concat,"[1,0,0,0,0,0,0,0,0,0]","{'attr_mode': 'concat', 'dim': 128, 'weights': [1, 0, 0, 0, 0, 0, 0, 0, 0, 0]}"
"2025-09-29 16:27:12,461",404,528,fastrp,mil_attention,0.5297,128,concat,"[1,0,0,0,0,0,0,0,0,0]","{'attr_mode': 'concat', 'dim': 128, 'weights': [1, 0, 0, 0, 0, 0, 0, 0, 0, 0]}"
"2025-09-29 16:27:26,283",405,528,fastrp,mean_pool,0.5191,128,concat,"[0,1,1,1,1,1,1,1,1,1]","{'attr_mode': 'concat', 'dim': 128, 'weights': [0, 1, 1, 1, 1, 1, 1, 1, 1, 1]}"
"2025-09-29 16:27:38,929",406,528,fastrp,global_attention,0.5377,128,concat,"[0,1,1,1,1,1,1,1,1,1]","{'attr_mode': 'concat', 'dim': 128, 'weights': [0, 1, 1, 1, 1, 1, 1, 1, 1, 1]}"
"2025-09-29 16:27:51,649",407,528,fastrp,set2set,0.4899,128,concat,"[0,1,1,1,1,1,1,1,1,1]","{'attr_mode': 'concat', 'dim': 128, 'weights': [0, 1, 1, 1, 1, 1, 1, 1, 1, 1]}"
"2025-09-29 16:28:04,877",408,528,fastrp,mil_attention,0.554,128,concat,"[0,1,1,1,1,1,1,1,1,1]","{'attr_mode': 'concat', 'dim': 128, 'weights': [0, 1, 1, 1, 1, 1, 1, 1, 1, 1]}"
"2025-09-29 16:28:18,891",409,528,fastrp,mean_pool,0.5201,128,concat,"[0,0,1,1,1,1,1,1,1,1]","{'attr_mode': 'concat', 'dim': 128, 'weights': [0, 0, 1, 1, 1, 1, 1, 1, 1, 1]}"
"2025-09-29 16:28:31,564",410,528,fastrp,global_attention,0.5051,128,concat,"[0,0,1,1,1,1,1,1,1,1]","{'attr_mode': 'concat', 'dim': 128, 'weights': [0, 0, 1, 1, 1, 1, 1, 1, 1, 1]}"
"2025-09-29 16:28:44,326",411,528,fastrp,set2set,0.5794,128,concat,"[0,0,1,1,1,1,1,1,1,1]","{'attr_mode': 'concat', 'dim': 128, 'weights': [0, 0, 1, 1, 1, 1, 1, 1, 1, 1]}"
"2025-09-29 16:28:57,559",412,528,fastrp,mil_attention,0.5026,128,concat,"[0,0,1,1,1,1,1,1,1,1]","{'attr_mode': 'concat', 'dim': 128, 'weights': [0, 0, 1, 1, 1, 1, 1, 1, 1, 1]}"
"2025-09-29 16:29:10,901",413,528,fastrp,mean_pool,0.5224,128,concat,"[0,0,0,1,1,1,1,1,1,1]","{'attr_mode': 'concat', 'dim': 128, 'weights': [0, 0, 0, 1, 1, 1, 1, 1, 1, 1]}"
"2025-09-29 16:29:23,537",414,528,fastrp,global_attention,0.4956,128,concat,"[0,0,0,1,1,1,1,1,1,1]","{'attr_mode': 'concat', 'dim': 128, 'weights': [0, 0, 0, 1, 1, 1, 1, 1, 1, 1]}"
"2025-09-29 16:29:36,723",415,528,fastrp,set2set,0.4675,128,concat,"[0,0,0,1,1,1,1,1,1,1]","{'attr_mode': 'concat', 'dim': 128, 'weights': [0, 0, 0, 1, 1, 1, 1, 1, 1, 1]}"
"2025-09-29 16:29:49,169",416,528,fastrp,mil_attention,0.5318,128,concat,"[0,0,0,1,1,1,1,1,1,1]","{'attr_mode': 'concat', 'dim': 128, 'weights': [0, 0, 0, 1, 1, 1, 1, 1, 1, 1]}"
"2025-09-29 16:30:02,508",417,528,fastrp,mean_pool,0.5217,128,concat,"[0,0,0,0,1,1,1,1,1,1]","{'attr_mode': 'concat', 'dim': 128, 'weights': [0, 0, 0, 0, 1, 1, 1, 1, 1, 1]}"
"2025-09-29 16:30:15,634",418,528,fastrp,global_attention,0.5515,128,concat,"[0,0,0,0,1,1,1,1,1,1]","{'attr_mode': 'concat', 'dim': 128, 'weights': [0, 0, 0, 0, 1, 1, 1, 1, 1, 1]}"
"2025-09-29 16:30:28,400",419,528,fastrp,set2set,0.5035,128,concat,"[0,0,0,0,1,1,1,1,1,1]","{'attr_mode': 'concat', 'dim': 128, 'weights': [0, 0, 0, 0, 1, 1, 1, 1, 1, 1]}"
"2025-09-29 16:30:41,099",420,528,fastrp,mil_attention,0.5157,128,concat,"[0,0,0,0,1,1,1,1,1,1]","{'attr_mode': 'concat', 'dim': 128, 'weights': [0, 0, 0, 0, 1, 1, 1, 1, 1, 1]}"
"2025-09-29 16:30:54,929",421,528,fastrp,mean_pool,0.5228,128,concat,"[0,0,0,0,0,1,1,1,1,1]","{'attr_mode': 'concat', 'dim': 128, 'weights': [0, 0, 0, 0, 0, 1, 1, 1, 1, 1]}"
"2025-09-29 16:31:08,118",422,528,fastrp,global_attention,0.5206,128,concat,"[0,0,0,0,0,1,1,1,1,1]","{'attr_mode': 'concat', 'dim': 128, 'weights': [0, 0, 0, 0, 0, 1, 1, 1, 1, 1]}"
"2025-09-29 16:31:20,844",423,528,fastrp,set2set,0.4784,128,concat,"[0,0,0,0,0,1,1,1,1,1]","{'attr_mode': 'concat', 'dim': 128, 'weights': [0, 0, 0, 0, 0, 1, 1, 1, 1, 1]}"
"2025-09-29 16:31:33,465",424,528,fastrp,mil_attention,0.572,128,concat,"[0,0,0,0,0,1,1,1,1,1]","{'attr_mode': 'concat', 'dim': 128, 'weights': [0, 0, 0, 0, 0, 1, 1, 1, 1, 1]}"
"2025-09-29 16:31:47,213",425,528,fastrp,mean_pool,0.5219,128,concat,"[0,0,0,0,0,0,1,1,1,1]","{'attr_mode': 'concat', 'dim': 128, 'weights': [0, 0, 0, 0, 0, 0, 1, 1, 1, 1]}"
"2025-09-29 16:31:59,682",426,528,fastrp,global_attention,0.5261,128,concat,"[0,0,0,0,0,0,1,1,1,1]","{'attr_mode': 'concat', 'dim': 128, 'weights': [0, 0, 0, 0, 0, 0, 1, 1, 1, 1]}"
"2025-09-29 16:32:12,293",427,528,fastrp,set2set,0.4761,128,concat,"[0,0,0,0,0,0,1,1,1,1]","{'attr_mode': 'concat', 'dim': 128, 'weights': [0, 0, 0, 0, 0, 0, 1, 1, 1, 1]}"
"2025-09-29 16:32:25,360",428,528,fastrp,mil_attention,0.5568,128,concat,"[0,0,0,0,0,0,1,1,1,1]","{'attr_mode': 'concat', 'dim': 128, 'weights': [0, 0, 0, 0, 0, 0, 1, 1, 1, 1]}"
"2025-09-29 16:32:38,881",429,528,fastrp,mean_pool,0.5229,128,concat,"[0,0,0,0,0,0,0,1,1,1]","{'attr_mode': 'concat', 'dim': 128, 'weights': [0, 0, 0, 0, 0, 0, 0, 1, 1, 1]}"
"2025-09-29 16:32:51,592",430,528,fastrp,global_attention,0.5225,128,concat,"[0,0,0,0,0,0,0,1,1,1]","{'attr_mode': 'concat', 'dim': 128, 'weights': [0, 0, 0, 0, 0, 0, 0, 1, 1, 1]}"
"2025-09-29 16:33:04,899",431,528,fastrp,set2set,0.5309,128,concat,"[0,0,0,0,0,0,0,1,1,1]","{'attr_mode': 'concat', 'dim': 128, 'weights': [0, 0, 0, 0, 0, 0, 0, 1, 1, 1]}"
"2025-09-29 16:33:17,581",432,528,fastrp,mil_attention,0.5581,128,concat,"[0,0,0,0,0,0,0,1,1,1]","{'attr_mode': 'concat', 'dim': 128, 'weights': [0, 0, 0, 0, 0, 0, 0, 1, 1, 1]}"
"2025-09-29 16:33:31,022",433,528,fastrp,mean_pool,0.5226,128,concat,"[0,0,0,0,0,0,0,0,1,1]","{'attr_mode': 'concat', 'dim': 128, 'weights': [0, 0, 0, 0, 0, 0, 0, 0, 1, 1]}"
"2025-09-29 16:33:44,277",434,528,fastrp,global_attention,0.5197,128,concat,"[0,0,0,0,0,0,0,0,1,1]","{'attr_mode': 'concat', 'dim': 128, 'weights': [0, 0, 0, 0, 0, 0, 0, 0, 1, 1]}"
"2025-09-29 16:33:57,510",435,528,fastrp,set2set,0.499,128,concat,"[0,0,0,0,0,0,0,0,1,1]","{'attr_mode': 'concat', 'dim': 128, 'weights': [0, 0, 0, 0, 0, 0, 0, 0, 1, 1]}"
"2025-09-29 16:34:10,163",436,528,fastrp,mil_attention,0.5102,128,concat,"[0,0,0,0,0,0,0,0,1,1]","{'attr_mode': 'concat', 'dim': 128, 'weights': [0, 0, 0, 0, 0, 0, 0, 0, 1, 1]}"
"2025-09-29 16:34:23,363",437,528,fastrp,mean_pool,0.5234,128,concat,"[0,0,0,0,0,0,0,0,0,1]","{'attr_mode': 'concat', 'dim': 128, 'weights': [0, 0, 0, 0, 0, 0, 0, 0, 0, 1]}"
"2025-09-29 16:34:36,455",438,528,fastrp,global_attention,0.5906,128,concat,"[0,0,0,0,0,0,0,0,0,1]","{'attr_mode': 'concat', 'dim': 128, 'weights': [0, 0, 0, 0, 0, 0, 0, 0, 0, 1]}"
"2025-09-29 16:34:49,020",439,528,fastrp,set2set,0.5328,128,concat,"[0,0,0,0,0,0,0,0,0,1]","{'attr_mode': 'concat', 'dim': 128, 'weights': [0, 0, 0, 0, 0, 0, 0, 0, 0, 1]}"
"2025-09-29 16:35:01,428",440,528,fastrp,mil_attention,0.4944,128,concat,"[0,0,0,0,0,0,0,0,0,1]","{'attr_mode': 'concat', 'dim': 128, 'weights': [0, 0, 0, 0, 0, 0, 0, 0, 0, 1]}"
"2025-09-29 16:35:51,244",445,528,fastrp,mean_pool,0.6167,256,concat,"[1,1,1,1,1,1,1,1,1,1]","{'attr_mode': 'concat', 'dim': 256, 'weights': [1, 1, 1, 1, 1, 1, 1, 1, 1, 1]}"
"2025-09-29 16:36:11,827",446,528,fastrp,global_attention,0.5834,256,concat,"[1,1,1,1,1,1,1,1,1,1]","{'attr_mode': 'concat', 'dim': 256, 'weights': [1, 1, 1, 1, 1, 1, 1, 1, 1, 1]}"
"2025-09-29 16:36:32,781",447,528,fastrp,set2set,0.5736,256,concat,"[1,1,1,1,1,1,1,1,1,1]","{'attr_mode': 'concat', 'dim': 256, 'weights': [1, 1, 1, 1, 1, 1, 1, 1, 1, 1]}"
"2025-09-29 16:36:53,216",448,528,fastrp,mil_attention,0.5989,256,concat,"[1,1,1,1,1,1,1,1,1,1]","{'attr_mode': 'concat', 'dim': 256, 'weights': [1, 1, 1, 1, 1, 1, 1, 1, 1, 1]}"
"2025-09-29 16:37:14,961",449,528,fastrp,mean_pool,0.616,256,concat,"[1,2,4,8,16,16,8,4,2,1]","{'attr_mode': 'concat', 'dim': 256, 'weights': [1, 2, 4, 8, 16, 16, 8, 4, 2, 1]}"
"2025-09-29 16:37:35,847",450,528,fastrp,global_attention,0.6055,256,concat,"[1,2,4,8,16,16,8,4,2,1]","{'attr_mode': 'concat', 'dim': 256, 'weights': [1, 2, 4, 8, 16, 16, 8, 4, 2, 1]}"
"2025-09-29 16:37:56,501",451,528,fastrp,set2set,0.6277,256,concat,"[1,2,4,8,16,16,8,4,2,1]","{'attr_mode': 'concat', 'dim': 256, 'weights': [1, 2, 4, 8, 16, 16, 8, 4, 2, 1]}"
"2025-09-29 16:38:17,399",452,528,fastrp,mil_attention,0.6258,256,concat,"[1,2,4,8,16,16,8,4,2,1]","{'attr_mode': 'concat', 'dim': 256, 'weights': [1, 2, 4, 8, 16, 16, 8, 4, 2, 1]}"
"2025-09-29 16:38:39,117",453,528,fastrp,mean_pool,0.6155,256,concat,"[1,2,4,8,16,32,64,128,256,512]","{'attr_mode': 'concat', 'dim': 256, 'weights': [1, 2, 4, 8, 16, 32, 64, 128, 256, 512]}"
"2025-09-29 16:38:59,588",454,528,fastrp,global_attention,0.6564,256,concat,"[1,2,4,8,16,32,64,128,256,512]","{'attr_mode': 'concat', 'dim': 256, 'weights': [1, 2, 4, 8, 16, 32, 64, 128, 256, 512]}"
"2025-09-29 16:39:20,124",455,528,fastrp,set2set,0.5816,256,concat,"[1,2,4,8,16,32,64,128,256,512]","{'attr_mode': 'concat', 'dim': 256, 'weights': [1, 2, 4, 8, 16, 32, 64, 128, 256, 512]}"
"2025-09-29 16:39:40,557",456,528,fastrp,mil_attention,0.5904,256,concat,"[1,2,4,8,16,32,64,128,256,512]","{'attr_mode': 'concat', 'dim': 256, 'weights': [1, 2, 4, 8, 16, 32, 64, 128, 256, 512]}"
"2025-09-29 16:40:02,619",457,528,fastrp,mean_pool,0.6183,256,concat,"[1,1,1,1,1,1,1,1,1,0]","{'attr_mode': 'concat', 'dim': 256, 'weights': [1, 1, 1, 1, 1, 1, 1, 1, 1, 0]}"
"2025-09-29 16:40:23,562",458,528,fastrp,global_attention,0.5851,256,concat,"[1,1,1,1,1,1,1,1,1,0]","{'attr_mode': 'concat', 'dim': 256, 'weights': [1, 1, 1, 1, 1, 1, 1, 1, 1, 0]}"
"2025-09-29 16:40:44,127",459,528,fastrp,set2set,0.5752,256,concat,"[1,1,1,1,1,1,1,1,1,0]","{'attr_mode': 'concat', 'dim': 256, 'weights': [1, 1, 1, 1, 1, 1, 1, 1, 1, 0]}"
"2025-09-29 16:41:04,546",460,528,fastrp,mil_attention,0.628,256,concat,"[1,1,1,1,1,1,1,1,1,0]","{'attr_mode': 'concat', 'dim': 256, 'weights': [1, 1, 1, 1, 1, 1, 1, 1, 1, 0]}"
"2025-09-29 16:41:26,276",461,528,fastrp,mean_pool,0.6179,256,concat,"[1,1,1,1,1,1,1,1,0,0]","{'attr_mode': 'concat', 'dim': 256, 'weights': [1, 1, 1, 1, 1, 1, 1, 1, 0, 0]}"
"2025-09-29 16:41:47,351",462,528,fastrp,global_attention,0.6302,256,concat,"[1,1,1,1,1,1,1,1,0,0]","{'attr_mode': 'concat', 'dim': 256, 'weights': [1, 1, 1, 1, 1, 1, 1, 1, 0, 0]}"
"2025-09-29 16:42:07,825",463,528,fastrp,set2set,0.5184,256,concat,"[1,1,1,1,1,1,1,1,0,0]","{'attr_mode': 'concat', 'dim': 256, 'weights': [1, 1, 1, 1, 1, 1, 1, 1, 0, 0]}"
"2025-09-29 16:42:28,522",464,528,fastrp,mil_attention,0.6053,256,concat,"[1,1,1,1,1,1,1,1,0,0]","{'attr_mode': 'concat', 'dim': 256, 'weights': [1, 1, 1, 1, 1, 1, 1, 1, 0, 0]}"
"2025-09-29 16:42:50,182",465,528,fastrp,mean_pool,0.6183,256,concat,"[1,1,1,1,1,1,1,0,0,0]","{'attr_mode': 'concat', 'dim': 256, 'weights': [1, 1, 1, 1, 1, 1, 1, 0, 0, 0]}"
"2025-09-29 16:43:10,658",466,528,fastrp,global_attention,0.609,256,concat,"[1,1,1,1,1,1,1,0,0,0]","{'attr_mode': 'concat', 'dim': 256, 'weights': [1, 1, 1, 1, 1, 1, 1, 0, 0, 0]}"
"2025-09-29 16:43:31,208",467,528,fastrp,set2set,0.5367,256,concat,"[1,1,1,1,1,1,1,0,0,0]","{'attr_mode': 'concat', 'dim': 256, 'weights': [1, 1, 1, 1, 1, 1, 1, 0, 0, 0]}"
"2025-09-29 16:43:51,907",468,528,fastrp,mil_attention,0.6283,256,concat,"[1,1,1,1,1,1,1,0,0,0]","{'attr_mode': 'concat', 'dim': 256, 'weights': [1, 1, 1, 1, 1, 1, 1, 0, 0, 0]}"
"2025-09-29 16:44:13,544",469,528,fastrp,mean_pool,0.6192,256,concat,"[1,1,1,1,1,1,0,0,0,0]","{'attr_mode': 'concat', 'dim': 256, 'weights': [1, 1, 1, 1, 1, 1, 0, 0, 0, 0]}"
"2025-09-29 16:44:34,531",470,528,fastrp,global_attention,0.6326,256,concat,"[1,1,1,1,1,1,0,0,0,0]","{'attr_mode': 'concat', 'dim': 256, 'weights': [1, 1, 1, 1, 1, 1, 0, 0, 0, 0]}"
"2025-09-29 16:44:55,024",471,528,fastrp,set2set,0.5362,256,concat,"[1,1,1,1,1,1,0,0,0,0]","{'attr_mode': 'concat', 'dim': 256, 'weights': [1, 1, 1, 1, 1, 1, 0, 0, 0, 0]}"
"2025-09-29 16:45:15,522",472,528,fastrp,mil_attention,0.6043,256,concat,"[1,1,1,1,1,1,0,0,0,0]","{'attr_mode': 'concat', 'dim': 256, 'weights': [1, 1, 1, 1, 1, 1, 0, 0, 0, 0]}"
"2025-09-29 16:45:37,182",473,528,fastrp,mean_pool,0.6188,256,concat,"[1,1,1,1,1,0,0,0,0,0]","{'attr_mode': 'concat', 'dim': 256, 'weights': [1, 1, 1, 1, 1, 0, 0, 0, 0, 0]}"
"2025-09-29 16:45:58,164",474,528,fastrp,global_attention,0.6132,256,concat,"[1,1,1,1,1,0,0,0,0,0]","{'attr_mode': 'concat', 'dim': 256, 'weights': [1, 1, 1, 1, 1, 0, 0, 0, 0, 0]}"
"2025-09-29 16:46:19,141",475,528,fastrp,set2set,0.537,256,concat,"[1,1,1,1,1,0,0,0,0,0]","{'attr_mode': 'concat', 'dim': 256, 'weights': [1, 1, 1, 1, 1, 0, 0, 0, 0, 0]}"
"2025-09-29 16:46:39,909",476,528,fastrp,mil_attention,0.6123,256,concat,"[1,1,1,1,1,0,0,0,0,0]","{'attr_mode': 'concat', 'dim': 256, 'weights': [1, 1, 1, 1, 1, 0, 0, 0, 0, 0]}"
"2025-09-29 16:47:01,095",477,528,fastrp,mean_pool,0.6199,256,concat,"[1,1,1,1,0,0,0,0,0,0]","{'attr_mode': 'concat', 'dim': 256, 'weights': [1, 1, 1, 1, 0, 0, 0, 0, 0, 0]}"
"2025-09-29 16:47:22,079",478,528,fastrp,global_attention,0.567,256,concat,"[1,1,1,1,0,0,0,0,0,0]","{'attr_mode': 'concat', 'dim': 256, 'weights': [1, 1, 1, 1, 0, 0, 0, 0, 0, 0]}"
"2025-09-29 16:47:43,106",479,528,fastrp,set2set,0.554,256,concat,"[1,1,1,1,0,0,0,0,0,0]","{'attr_mode': 'concat', 'dim': 256, 'weights': [1, 1, 1, 1, 0, 0, 0, 0, 0, 0]}"
"2025-09-29 16:48:03,736",480,528,fastrp,mil_attention,0.5758,256,concat,"[1,1,1,1,0,0,0,0,0,0]","{'attr_mode': 'concat', 'dim': 256, 'weights': [1, 1, 1, 1, 0, 0, 0, 0, 0, 0]}"
"2025-09-29 16:48:24,997",481,528,fastrp,mean_pool,0.6186,256,concat,"[1,1,1,0,0,0,0,0,0,0]","{'attr_mode': 'concat', 'dim': 256, 'weights': [1, 1, 1, 0, 0, 0, 0, 0, 0, 0]}"
"2025-09-29 16:48:45,466",482,528,fastrp,global_attention,0.615,256,concat,"[1,1,1,0,0,0,0,0,0,0]","{'attr_mode': 'concat', 'dim': 256, 'weights': [1, 1, 1, 0, 0, 0, 0, 0, 0, 0]}"
"2025-09-29 16:49:06,582",483,528,fastrp,set2set,0.625,256,concat,"[1,1,1,0,0,0,0,0,0,0]","{'attr_mode': 'concat', 'dim': 256, 'weights': [1, 1, 1, 0, 0, 0, 0, 0, 0, 0]}"
"2025-09-29 16:49:27,571",484,528,fastrp,mil_attention,0.5743,256,concat,"[1,1,1,0,0,0,0,0,0,0]","{'attr_mode': 'concat', 'dim': 256, 'weights': [1, 1, 1, 0, 0, 0, 0, 0, 0, 0]}"
"2025-09-29 16:49:48,689",485,528,fastrp,mean_pool,0.6188,256,concat,"[1,1,0,0,0,0,0,0,0,0]","{'attr_mode': 'concat', 'dim': 256, 'weights': [1, 1, 0, 0, 0, 0, 0, 0, 0, 0]}"
"2025-09-29 16:50:09,619",486,528,fastrp,global_attention,0.5927,256,concat,"[1,1,0,0,0,0,0,0,0,0]","{'attr_mode': 'concat', 'dim': 256, 'weights': [1, 1, 0, 0, 0, 0, 0, 0, 0, 0]}"
"2025-09-29 16:50:30,011",487,528,fastrp,set2set,0.5964,256,concat,"[1,1,0,0,0,0,0,0,0,0]","{'attr_mode': 'concat', 'dim': 256, 'weights': [1, 1, 0, 0, 0, 0, 0, 0, 0, 0]}"
"2025-09-29 16:50:50,622",488,528,fastrp,mil_attention,0.5941,256,concat,"[1,1,0,0,0,0,0,0,0,0]","{'attr_mode': 'concat', 'dim': 256, 'weights': [1, 1, 0, 0, 0, 0, 0, 0, 0, 0]}"
"2025-09-29 16:51:12,186",489,528,fastrp,mean_pool,0.616,256,concat,"[1,0,0,0,0,0,0,0,0,0]","{'attr_mode': 'concat', 'dim': 256, 'weights': [1, 0, 0, 0, 0, 0, 0, 0, 0, 0]}"
"2025-09-29 16:51:32,758",490,528,fastrp,global_attention,0.6528,256,concat,"[1,0,0,0,0,0,0,0,0,0]","{'attr_mode': 'concat', 'dim': 256, 'weights': [1, 0, 0, 0, 0, 0, 0, 0, 0, 0]}"
"2025-09-29 16:51:53,178",491,528,fastrp,set2set,0.5854,256,concat,"[1,0,0,0,0,0,0,0,0,0]","{'attr_mode': 'concat', 'dim': 256, 'weights': [1, 0, 0, 0, 0, 0, 0, 0, 0, 0]}"
"2025-09-29 16:52:14,095",492,528,fastrp,mil_attention,0.6203,256,concat,"[1,0,0,0,0,0,0,0,0,0]","{'attr_mode': 'concat', 'dim': 256, 'weights': [1, 0, 0, 0, 0, 0, 0, 0, 0, 0]}"
"2025-09-29 16:52:35,199",493,528,fastrp,mean_pool,0.6175,256,concat,"[0,1,1,1,1,1,1,1,1,1]","{'attr_mode': 'concat', 'dim': 256, 'weights': [0, 1, 1, 1, 1, 1, 1, 1, 1, 1]}"
"2025-09-29 16:52:56,284",494,528,fastrp,global_attention,0.6366,256,concat,"[0,1,1,1,1,1,1,1,1,1]","{'attr_mode': 'concat', 'dim': 256, 'weights': [0, 1, 1, 1, 1, 1, 1, 1, 1, 1]}"
"2025-09-29 16:53:16,641",495,528,fastrp,set2set,0.629,256,concat,"[0,1,1,1,1,1,1,1,1,1]","{'attr_mode': 'concat', 'dim': 256, 'weights': [0, 1, 1, 1, 1, 1, 1, 1, 1, 1]}"
"2025-09-29 16:53:37,061",496,528,fastrp,mil_attention,0.6198,256,concat,"[0,1,1,1,1,1,1,1,1,1]","{'attr_mode': 'concat', 'dim': 256, 'weights': [0, 1, 1, 1, 1, 1, 1, 1, 1, 1]}"
"2025-09-29 16:53:58,160",497,528,fastrp,mean_pool,0.6145,256,concat,"[0,0,1,1,1,1,1,1,1,1]","{'attr_mode': 'concat', 'dim': 256, 'weights': [0, 0, 1, 1, 1, 1, 1, 1, 1, 1]}"
"2025-09-29 16:54:19,336",498,528,fastrp,global_attention,0.6143,256,concat,"[0,0,1,1,1,1,1,1,1,1]","{'attr_mode': 'concat', 'dim': 256, 'weights': [0, 0, 1, 1, 1, 1, 1, 1, 1, 1]}"
"2025-09-29 16:54:40,197",499,528,fastrp,set2set,0.6312,256,concat,"[0,0,1,1,1,1,1,1,1,1]","{'attr_mode': 'concat', 'dim': 256, 'weights': [0, 0, 1, 1, 1, 1, 1, 1, 1, 1]}"
"2025-09-29 16:55:00,867",500,528,fastrp,mil_attention,0.6026,256,concat,"[0,0,1,1,1,1,1,1,1,1]","{'attr_mode': 'concat', 'dim': 256, 'weights': [0, 0, 1, 1, 1, 1, 1, 1, 1, 1]}"
"2025-09-29 16:55:21,989",501,528,fastrp,mean_pool,0.6165,256,concat,"[0,0,0,1,1,1,1,1,1,1]","{'attr_mode': 'concat', 'dim': 256, 'weights': [0, 0, 0, 1, 1, 1, 1, 1, 1, 1]}"
"2025-09-29 16:55:43,033",502,528,fastrp,global_attention,0.6196,256,concat,"[0,0,0,1,1,1,1,1,1,1]","{'attr_mode': 'concat', 'dim': 256, 'weights': [0, 0, 0, 1, 1, 1, 1, 1, 1, 1]}"
"2025-09-29 16:56:04,123",503,528,fastrp,set2set,0.5432,256,concat,"[0,0,0,1,1,1,1,1,1,1]","{'attr_mode': 'concat', 'dim': 256, 'weights': [0, 0, 0, 1, 1, 1, 1, 1, 1, 1]}"
"2025-09-29 16:56:25,016",504,528,fastrp,mil_attention,0.5843,256,concat,"[0,0,0,1,1,1,1,1,1,1]","{'attr_mode': 'concat', 'dim': 256, 'weights': [0, 0, 0, 1, 1, 1, 1, 1, 1, 1]}"
"2025-09-29 16:56:46,170",505,528,fastrp,mean_pool,0.6165,256,concat,"[0,0,0,0,1,1,1,1,1,1]","{'attr_mode': 'concat', 'dim': 256, 'weights': [0, 0, 0, 0, 1, 1, 1, 1, 1, 1]}"
"2025-09-29 16:57:06,865",506,528,fastrp,global_attention,0.6205,256,concat,"[0,0,0,0,1,1,1,1,1,1]","{'attr_mode': 'concat', 'dim': 256, 'weights': [0, 0, 0, 0, 1, 1, 1, 1, 1, 1]}"
"2025-09-29 16:57:27,793",507,528,fastrp,set2set,0.5264,256,concat,"[0,0,0,0,1,1,1,1,1,1]","{'attr_mode': 'concat', 'dim': 256, 'weights': [0, 0, 0, 0, 1, 1, 1, 1, 1, 1]}"
"2025-09-29 16:57:48,432",508,528,fastrp,mil_attention,0.612,256,concat,"[0,0,0,0,1,1,1,1,1,1]","{'attr_mode': 'concat', 'dim': 256, 'weights': [0, 0, 0, 0, 1, 1, 1, 1, 1, 1]}"
"2025-09-29 16:58:09,978",509,528,fastrp,mean_pool,0.6167,256,concat,"[0,0,0,0,0,1,1,1,1,1]","{'attr_mode': 'concat', 'dim': 256, 'weights': [0, 0, 0, 0, 0, 1, 1, 1, 1, 1]}"
"2025-09-29 16:58:30,400",510,528,fastrp,global_attention,0.6153,256,concat,"[0,0,0,0,0,1,1,1,1,1]","{'attr_mode': 'concat', 'dim': 256, 'weights': [0, 0, 0, 0, 0, 1, 1, 1, 1, 1]}"
"2025-09-29 16:58:50,810",511,528,fastrp,set2set,0.5819,256,concat,"[0,0,0,0,0,1,1,1,1,1]","{'attr_mode': 'concat', 'dim': 256, 'weights': [0, 0, 0, 0, 0, 1, 1, 1, 1, 1]}"
"2025-09-29 16:59:11,422",512,528,fastrp,mil_attention,0.5847,256,concat,"[0,0,0,0,0,1,1,1,1,1]","{'attr_mode': 'concat', 'dim': 256, 'weights': [0, 0, 0, 0, 0, 1, 1, 1, 1, 1]}"
"2025-09-29 16:59:33,043",513,528,fastrp,mean_pool,0.6161,256,concat,"[0,0,0,0,0,0,1,1,1,1]","{'attr_mode': 'concat', 'dim': 256, 'weights': [0, 0, 0, 0, 0, 0, 1, 1, 1, 1]}"
"2025-09-29 16:59:53,856",514,528,fastrp,global_attention,0.6079,256,concat,"[0,0,0,0,0,0,1,1,1,1]","{'attr_mode': 'concat', 'dim': 256, 'weights': [0, 0, 0, 0, 0, 0, 1, 1, 1, 1]}"
"2025-09-29 17:00:14,566",515,528,fastrp,set2set,0.5969,256,concat,"[0,0,0,0,0,0,1,1,1,1]","{'attr_mode': 'concat', 'dim': 256, 'weights': [0, 0, 0, 0, 0, 0, 1, 1, 1, 1]}"
"2025-09-29 17:00:34,833",516,528,fastrp,mil_attention,0.6166,256,concat,"[0,0,0,0,0,0,1,1,1,1]","{'attr_mode': 'concat', 'dim': 256, 'weights': [0, 0, 0, 0, 0, 0, 1, 1, 1, 1]}"
"2025-09-29 17:00:56,482",517,528,fastrp,mean_pool,0.6156,256,concat,"[0,0,0,0,0,0,0,1,1,1]","{'attr_mode': 'concat', 'dim': 256, 'weights': [0, 0, 0, 0, 0, 0, 0, 1, 1, 1]}"
"2025-09-29 17:01:16,976",518,528,fastrp,global_attention,0.5981,256,concat,"[0,0,0,0,0,0,0,1,1,1]","{'attr_mode': 'concat', 'dim': 256, 'weights': [0, 0, 0, 0, 0, 0, 0, 1, 1, 1]}"
"2025-09-29 17:01:37,924",519,528,fastrp,set2set,0.5837,256,concat,"[0,0,0,0,0,0,0,1,1,1]","{'attr_mode': 'concat', 'dim': 256, 'weights': [0, 0, 0, 0, 0, 0, 0, 1, 1, 1]}"
"2025-09-29 17:01:58,509",520,528,fastrp,mil_attention,0.6122,256,concat,"[0,0,0,0,0,0,0,1,1,1]","{'attr_mode': 'concat', 'dim': 256, 'weights': [0, 0, 0, 0, 0, 0, 0, 1, 1, 1]}"
"2025-09-29 17:02:19,568",521,528,fastrp,mean_pool,0.6154,256,concat,"[0,0,0,0,0,0,0,0,1,1]","{'attr_mode': 'concat', 'dim': 256, 'weights': [0, 0, 0, 0, 0, 0, 0, 0, 1, 1]}"
"2025-09-29 17:02:40,476",522,528,fastrp,global_attention,0.572,256,concat,"[0,0,0,0,0,0,0,0,1,1]","{'attr_mode': 'concat', 'dim': 256, 'weights': [0, 0, 0, 0, 0, 0, 0, 0, 1, 1]}"
"2025-09-29 17:03:00,829",523,528,fastrp,set2set,0.4965,256,concat,"[0,0,0,0,0,0,0,0,1,1]","{'attr_mode': 'concat', 'dim': 256, 'weights': [0, 0, 0, 0, 0, 0, 0, 0, 1, 1]}"
"2025-09-29 17:03:21,953",524,528,fastrp,mil_attention,0.6217,256,concat,"[0,0,0,0,0,0,0,0,1,1]","{'attr_mode': 'concat', 'dim': 256, 'weights': [0, 0, 0, 0, 0, 0, 0, 0, 1, 1]}"
"2025-09-29 17:03:43,025",525,528,fastrp,mean_pool,0.6157,256,concat,"[0,0,0,0,0,0,0,0,0,1]","{'attr_mode': 'concat', 'dim': 256, 'weights': [0, 0, 0, 0, 0, 0, 0, 0, 0, 1]}"
"2025-09-29 17:04:03,428",526,528,fastrp,global_attention,0.6138,256,concat,"[0,0,0,0,0,0,0,0,0,1]","{'attr_mode': 'concat', 'dim': 256, 'weights': [0, 0, 0, 0, 0, 0, 0, 0, 0, 1]}"
"2025-09-29 17:04:23,870",527,528,fastrp,set2set,0.5548,256,concat,"[0,0,0,0,0,0,0,0,0,1]","{'attr_mode': 'concat', 'dim': 256, 'weights': [0, 0, 0, 0, 0, 0, 0, 0, 0, 1]}"
"2025-09-29 17:04:44,735",528,528,fastrp,mil_attention,0.6281,256,concat,"[0,0,0,0,0,0,0,0,0,1]","{'attr_mode': 'concat', 'dim': 256, 'weights': [0, 0, 0, 0, 0, 0, 0, 0, 0, 1]}"
